Category,Year,Dollar Sales UD
Additional Treatments,2016,605552985.6
Additional Treatments,2011,1968521356
Additional Treatments,2013,864088629.9
Additional Treatments,2023,1437111450
Additional Treatments,2022,1097694917
Additional Treatments,2014,1257749600
Additional Treatments,2016,1517790504
Additional Treatments,2014,980737645.4
Additional Treatments,2013,1004388176
Additional Treatments,2019,633638938
Additional Treatments,2019,234993312.4
Additional Treatments,2022,1844982283
Additional Treatments,2010,1734337132
Additional Treatments,2017,582493967
Additional Treatments,2022,832693618.9
Additional Treatments,2014,1070586130
Additional Treatments,2019,536833762.3
Additional Treatments,2019,753817570.7
Additional Treatments,2012,1849838994
Additional Treatments,2022,1865488850
Additional Treatments,2015,1264639029
Additional Treatments,2016,1518559372
Additional Treatments,2018,397685157
Additional Treatments,2024,1165624313
Additional Treatments,2020,659159748.4
Additional Treatments,2020,359334208.2
Additional Treatments,2013,1817434788
Additional Treatments,2022,1083179682
Additional Treatments,2013,1945796493
Additional Treatments,2015,1163166235
Additional Treatments,2021,220178650.4
Additional Treatments,2016,1413011075
Additional Treatments,2014,1081244500
Additional Treatments,2016,1380353395
Additional Treatments,2010,132568194.1
Additional Treatments,2021,1428118368
Additional Treatments,2021,557943966.7
Additional Treatments,2015,94763449.51
Additional Treatments,2023,1168788583
Additional Treatments,2023,325388213.6
Additional Treatments,2020,1844358010
Additional Treatments,2017,798466211.8
Additional Treatments,2010,1830115475
Additional Treatments,2018,523673957.1
Additional Treatments,2013,1141083479
Additional Treatments,2017,1713701366
Additional Treatments,2010,479976515.5
Additional Treatments,2017,704900257.9
Additional Treatments,2020,1405827126
Additional Treatments,2019,284850965
Additional Treatments,2021,1906838015
Additional Treatments,2012,425635369.7
Additional Treatments,2023,1308237536
Additional Treatments,2022,274563830.5
Additional Treatments,2023,81802502.97
Additional Treatments,2023,283779469.8
Additional Treatments,2016,1347906647
Additional Treatments,2011,299055271.2
Additional Treatments,2017,253056932.1
Additional Treatments,2016,1528108099
Additional Treatments,2022,677975862.5
Additional Treatments,2019,1257841389
Additional Treatments,2016,1792386986
Additional Treatments,2013,1681082704
Additional Treatments,2011,669889518.4
Additional Treatments,2013,256217868.2
Additional Treatments,2018,1676296790
Additional Treatments,2024,1881650760
Additional Treatments,2016,675044336.3
Additional Treatments,2021,1988751163
Additional Treatments,2018,92377279.51
Additional Treatments,2010,375305261.5
Additional Treatments,2021,898980600.7
Additional Treatments,2016,1121338971
Additional Treatments,2021,1322852888
Additional Treatments,2022,1140393926
Additional Treatments,2010,1897305762
Additional Treatments,2020,567581857.6
Additional Treatments,2016,1154031452
Additional Treatments,2023,1276171336
Additional Treatments,2013,870736253.5
Additional Treatments,2022,646231495.3
Additional Treatments,2010,1431558348
Additional Treatments,2023,1057249695
Additional Treatments,2012,1197615287
Additional Treatments,2016,1805638701
Additional Treatments,2021,1207706455
Additional Treatments,2020,1233182168
Additional Treatments,2023,1248412583
Additional Treatments,2020,1515763385
Additional Treatments,2010,1479342193
Additional Treatments,2022,254350268.4
Additional Treatments,2019,1198847862
Additional Treatments,2018,1675071926
Additional Treatments,2018,461760576.5
Additional Treatments,2013,1541319058
Additional Treatments,2021,1215061258
Additional Treatments,2014,1226009415
Additional Treatments,2023,1457194978
Additional Treatments,2017,141024843.7
Additional Treatments,2022,630213040.6
Additional Treatments,2016,245298701.9
Additional Treatments,2023,987055803.6
Additional Treatments,2013,1434651880
Additional Treatments,2019,829854138.1
Additional Treatments,2012,1693920709
Additional Treatments,2010,63201710.78
Additional Treatments,2022,1100231466
Additional Treatments,2016,1490372125
Additional Treatments,2012,1666362872
Additional Treatments,2010,913049062.9
Additional Treatments,2017,1857989037
Additional Treatments,2019,323936171.5
Additional Treatments,2012,249144886.4
Additional Treatments,2015,1660722317
Additional Treatments,2014,988181583.7
Additional Treatments,2019,1368960998
Additional Treatments,2011,699565379.5
Additional Treatments,2016,1931465247
Additional Treatments,2011,1976782605
Additional Treatments,2022,1580655018
Additional Treatments,2012,1533096820
Additional Treatments,2015,830362113.3
Additional Treatments,2018,858927217.9
Additional Treatments,2020,67006553.22
Additional Treatments,2015,1252272371
Additional Treatments,2024,394324930.9
Additional Treatments,2024,1044980957
Additional Treatments,2012,897666553.5
Additional Treatments,2010,1894280716
Additional Treatments,2019,1795525851
Additional Treatments,2022,397645728.7
Additional Treatments,2022,535285493.6
Additional Treatments,2018,1620801747
Additional Treatments,2018,705965980.3
Additional Treatments,2022,368234686.2
Additional Treatments,2012,1670636355
Additional Treatments,2010,576320245.5
Additional Treatments,2024,1815692950
Additional Treatments,2018,495461083.1
Additional Treatments,2018,1971078405
Additional Treatments,2010,966858018.4
Additional Treatments,2011,149260963.6
Additional Treatments,2018,1181921353
Additional Treatments,2017,1383418294
Additional Treatments,2024,1508732360
Additional Treatments,2018,1401398364
Additional Treatments,2015,66707613.86
Additional Treatments,2022,1863035644
Additional Treatments,2023,295206307.9
Additional Treatments,2022,821176377.3
Additional Treatments,2013,650909682.7
Additional Treatments,2010,361364024.7
Additional Treatments,2011,1921888906
Additional Treatments,2011,1760388972
Additional Treatments,2011,417960965.8
Additional Treatments,2016,1399401036
Additional Treatments,2019,202821514.1
Additional Treatments,2010,212895771.2
Additional Treatments,2010,1749766542
Additional Treatments,2018,1864223971
Additional Treatments,2010,1657340892
Additional Treatments,2018,152468656.1
Additional Treatments,2014,614876565.9
Additional Treatments,2020,1973873837
Additional Treatments,2018,623136357.8
Additional Treatments,2016,865807273.8
Additional Treatments,2016,1768183749
Additional Treatments,2015,1428669089
Additional Treatments,2019,265129767.8
Additional Treatments,2010,338048801.3
Additional Treatments,2012,649272099.3
Additional Treatments,2016,614810496.7
Additional Treatments,2021,1094496063
Additional Treatments,2017,1310570910
Additional Treatments,2013,385345369.8
Additional Treatments,2012,902560358.1
Additional Treatments,2024,864487598.9
Additional Treatments,2024,473751454.2
Additional Treatments,2024,1635706136
Additional Treatments,2011,451575583.3
Additional Treatments,2017,301256124.6
Additional Treatments,2013,1366818329
Additional Treatments,2022,1171329696
Additional Treatments,2012,167078172.2
Additional Treatments,2020,87175090.78
Additional Treatments,2013,1026339508
Additional Treatments,2023,1147906205
Additional Treatments,2014,791415079.5
Additional Treatments,2023,1302540469
Additional Treatments,2022,1971085148
Additional Treatments,2022,1733383247
Additional Treatments,2023,1203410388
Additional Treatments,2017,1613652494
Additional Treatments,2014,1003134131
Additional Treatments,2016,410727686
Additional Treatments,2022,159883763.6
Additional Treatments,2024,1644647008
Additional Treatments,2013,92431884.52
Additional Treatments,2017,577854334.9
Additional Treatments,2012,162144970.8
Additional Treatments,2019,537729981.1
Additional Treatments,2018,1437657206
Additional Treatments,2019,80967648.24
Additional Treatments,2022,1276938835
Additional Treatments,2011,988365259.1
Additional Treatments,2020,1069724568
Additional Treatments,2023,779826530.9
Additional Treatments,2017,925148020.2
Additional Treatments,2011,1092929111
Additional Treatments,2024,529544272.7
Additional Treatments,2015,491574808.3
Additional Treatments,2012,1857151870
Additional Treatments,2011,444002991.6
Additional Treatments,2013,773321632.8
Additional Treatments,2023,1514334822
Additional Treatments,2019,1427833565
Additional Treatments,2013,163629784.2
Additional Treatments,2020,165092909.9
Additional Treatments,2023,1608820859
Additional Treatments,2016,1005966889
Additional Treatments,2016,1000997234
Additional Treatments,2013,1167328201
Additional Treatments,2011,782274724.8
Additional Treatments,2012,1927483185
Additional Treatments,2019,437316717.8
Additional Treatments,2022,1576412345
Additional Treatments,2019,452811997.3
Additional Treatments,2012,732778706.2
Additional Treatments,2010,111674910.7
Additional Treatments,2018,1326960117
Additional Treatments,2012,1672212610
Additional Treatments,2012,1029390041
Additional Treatments,2013,1112537413
Additional Treatments,2013,109315645
Additional Treatments,2013,104352743.1
Additional Treatments,2016,142263558.5
Additional Treatments,2012,1571258658
Additional Treatments,2018,1464140950
Additional Treatments,2020,979882155.6
Additional Treatments,2012,993670031.6
Additional Treatments,2016,982852000.9
Additional Treatments,2011,138879499.2
Additional Treatments,2020,1988325342
Additional Treatments,2013,1897053056
Additional Treatments,2012,1312344961
Additional Treatments,2015,855714811.8
Additional Treatments,2021,804241534.9
Additional Treatments,2014,1897806961
Additional Treatments,2015,979501441
Additional Treatments,2022,407659713.2
Additional Treatments,2019,161994555.3
Additional Treatments,2016,120320772.8
Additional Treatments,2013,1802942997
Additional Treatments,2012,1209833066
Additional Treatments,2018,1799193452
Additional Treatments,2011,1506450203
Additional Treatments,2014,1998451344
Additional Treatments,2021,6141641.97
Additional Treatments,2021,627047984.4
Additional Treatments,2011,1778549767
Additional Treatments,2010,1672698791
Additional Treatments,2012,873192576.1
Additional Treatments,2015,1249425062
Additional Treatments,2016,1394924572
Additional Treatments,2012,1090930371
Additional Treatments,2014,1020724452
Additional Treatments,2013,385948715.5
Additional Treatments,2016,1456934556
Additional Treatments,2017,1125728679
Additional Treatments,2014,589414351
Additional Treatments,2024,1928397781
Additional Treatments,2021,886528931.5
Additional Treatments,2015,1134912564
Additional Treatments,2024,28541249.29
Additional Treatments,2010,1388468092
Additional Treatments,2011,1027439116
Additional Treatments,2015,439446952.4
Additional Treatments,2014,1628627339
Additional Treatments,2017,1323937407
Additional Treatments,2018,1009382698
Additional Treatments,2011,1064952566
Additional Treatments,2015,1098104345
Additional Treatments,2014,1979770264
Additional Treatments,2023,1036487206
Additional Treatments,2018,1522709789
Additional Treatments,2017,1828199638
Additional Treatments,2012,1186579927
Additional Treatments,2010,373000680.4
Additional Treatments,2018,314858361
Additional Treatments,2021,711166116.7
Additional Treatments,2020,328275883.7
Additional Treatments,2024,1457863967
Additional Treatments,2019,1356397453
Additional Treatments,2017,169483533.5
Additional Treatments,2018,581450668.2
Additional Treatments,2010,1288271114
Additional Treatments,2018,557195408.5
Additional Treatments,2015,1598409277
Additional Treatments,2011,561968309.1
Additional Treatments,2018,1296509717
Additional Treatments,2018,1023258776
Additional Treatments,2020,431922838.8
Additional Treatments,2018,145638064.2
Additional Treatments,2023,130038120.9
Additional Treatments,2013,193016664.8
Additional Treatments,2011,766626616.1
Additional Treatments,2020,948936988.1
Additional Treatments,2019,224331334.1
Additional Treatments,2014,1161102599
Additional Treatments,2015,1997978086
Additional Treatments,2016,1232378461
Additional Treatments,2019,258454087.5
Additional Treatments,2024,1505374685
Additional Treatments,2011,1426923911
Additional Treatments,2023,907372489.9
Additional Treatments,2021,1893979240
Additional Treatments,2022,1247321236
Additional Treatments,2015,1005765599
Additional Treatments,2011,297394783.5
Additional Treatments,2010,346185342.4
Additional Treatments,2022,1067588747
Additional Treatments,2012,1613889801
Additional Treatments,2016,47391423.55
Additional Treatments,2017,1989955534
Additional Treatments,2015,606369059.4
Additional Treatments,2012,1068013886
Additional Treatments,2024,1756755632
Additional Treatments,2013,343273871.4
Additional Treatments,2022,1992115683
Additional Treatments,2021,1771280352
Additional Treatments,2019,296866380.8
Additional Treatments,2021,1561110081
Additional Treatments,2024,1615013657
Additional Treatments,2020,1886334919
Additional Treatments,2019,979535066.5
Additional Treatments,2023,1701363060
Additional Treatments,2013,1187083791
Additional Treatments,2018,1034107761
Additional Treatments,2013,931495546.8
Additional Treatments,2023,1099664803
Additional Treatments,2024,208245568.8
Additional Treatments,2017,541217164.1
Additional Treatments,2018,1877678971
Additional Treatments,2024,235735401.5
Additional Treatments,2014,64982269.96
Additional Treatments,2021,990036652.8
Additional Treatments,2019,1255538158
Additional Treatments,2023,775261581.5
Additional Treatments,2024,1160134019
Additional Treatments,2011,1393931368
Additional Treatments,2021,638277307
Additional Treatments,2017,1750766415
Additional Treatments,2019,1554738480
Additional Treatments,2017,165211723.6
Additional Treatments,2015,558412827.5
Additional Treatments,2018,1320865710
Additional Treatments,2014,1468196484
Additional Treatments,2013,1094040224
Additional Treatments,2012,434186307
Additional Treatments,2015,438385746.6
Additional Treatments,2016,1595498975
Additional Treatments,2013,186665740.5
Additional Treatments,2019,1988160216
Additional Treatments,2014,930140955.3
Additional Treatments,2016,426897698.8
Additional Treatments,2018,1127399516
Additional Treatments,2015,1291218329
Additional Treatments,2021,1915536869
Additional Treatments,2019,1409217978
Additional Treatments,2023,1042299023
Additional Treatments,2024,166443880.6
Additional Treatments,2023,1705615449
Additional Treatments,2017,593312027.1
Additional Treatments,2022,1571174530
Additional Treatments,2012,1403614924
Additional Treatments,2017,152047431.9
Additional Treatments,2013,1337473397
Additional Treatments,2023,659227168.5
Additional Treatments,2019,243645589.5
Additional Treatments,2018,694360413.9
Additional Treatments,2020,235717340.7
Additional Treatments,2019,1813057697
Additional Treatments,2022,1376174800
Additional Treatments,2021,1375003534
Additional Treatments,2010,1478613029
Additional Treatments,2023,1882411443
Additional Treatments,2010,1884578817
Additional Treatments,2024,154779575.6
Additional Treatments,2013,1525737337
Additional Treatments,2016,716834600.1
Additional Treatments,2011,1531283941
Additional Treatments,2022,1529163831
Additional Treatments,2014,1482144366
Additional Treatments,2023,1724984644
Additional Treatments,2019,1704176917
Additional Treatments,2013,1292720188
Additional Treatments,2016,1607467669
Additional Treatments,2019,1269188518
Additional Treatments,2019,975745292.2
Anti-Aging Creams,2015,281418555.8
Anti-Aging Creams,2010,1664669828
Anti-Aging Creams,2010,111345973.9
Anti-Aging Creams,2021,892243126.2
Anti-Aging Creams,2019,1606258711
Anti-Aging Creams,2012,871356765.2
Anti-Aging Creams,2017,1734256592
Anti-Aging Creams,2013,1854600317
Anti-Aging Creams,2015,864565765.4
Anti-Aging Creams,2020,1429319787
Anti-Aging Creams,2022,1824127333
Anti-Aging Creams,2010,1079857056
Anti-Aging Creams,2011,1255180340
Anti-Aging Creams,2021,130939721.3
Anti-Aging Creams,2021,159488205.7
Anti-Aging Creams,2016,133656577.3
Anti-Aging Creams,2024,145296255
Anti-Aging Creams,2016,633658694.7
Anti-Aging Creams,2018,78948582.44
Anti-Aging Creams,2016,637878633
Anti-Aging Creams,2011,1126098458
Anti-Aging Creams,2014,1775100123
Anti-Aging Creams,2019,1012102739
Anti-Aging Creams,2018,233791091.7
Anti-Aging Creams,2023,1028438856
Anti-Aging Creams,2022,1876955946
Anti-Aging Creams,2013,954034683.8
Anti-Aging Creams,2016,398352663.3
Anti-Aging Creams,2011,681089828.2
Anti-Aging Creams,2020,1323623484
Anti-Aging Creams,2023,1264262089
Anti-Aging Creams,2012,6990766.23
Anti-Aging Creams,2019,974194542.5
Anti-Aging Creams,2018,1162024090
Anti-Aging Creams,2013,880009078.8
Anti-Aging Creams,2024,133829883.5
Anti-Aging Creams,2017,1004554197
Anti-Aging Creams,2016,233180536.2
Anti-Aging Creams,2016,391878672.1
Anti-Aging Creams,2021,679598847.5
Anti-Aging Creams,2010,171910135.6
Anti-Aging Creams,2019,1963413303
Anti-Aging Creams,2015,986410485.3
Anti-Aging Creams,2014,646358740.7
Anti-Aging Creams,2011,396844157
Anti-Aging Creams,2013,1627308726
Anti-Aging Creams,2023,795748774.6
Anti-Aging Creams,2014,77151793.43
Anti-Aging Creams,2013,1444609656
Anti-Aging Creams,2015,881047786.5
Anti-Aging Creams,2024,1258604874
Anti-Aging Creams,2024,1589037097
Anti-Aging Creams,2017,1906783716
Anti-Aging Creams,2023,1225052513
Anti-Aging Creams,2022,951995909
Anti-Aging Creams,2011,1833278152
Anti-Aging Creams,2020,116355945.5
Anti-Aging Creams,2012,171955459.3
Anti-Aging Creams,2020,1919805458
Anti-Aging Creams,2017,1079314098
Anti-Aging Creams,2012,1671297989
Anti-Aging Creams,2021,1147151215
Anti-Aging Creams,2018,353473277.1
Anti-Aging Creams,2011,158634687.7
Anti-Aging Creams,2018,823344387.4
Anti-Aging Creams,2011,1772569798
Anti-Aging Creams,2016,1270088064
Anti-Aging Creams,2014,1603129185
Anti-Aging Creams,2024,699081895.3
Anti-Aging Creams,2019,1042897851
Anti-Aging Creams,2023,30738534.7
Anti-Aging Creams,2014,1127460321
Anti-Aging Creams,2018,783346055.9
Anti-Aging Creams,2014,1379923899
Anti-Aging Creams,2012,868161042.9
Anti-Aging Creams,2018,11464273.15
Anti-Aging Creams,2011,208091749.1
Anti-Aging Creams,2018,1011534496
Anti-Aging Creams,2016,890888656.5
Anti-Aging Creams,2012,290458438.6
Anti-Aging Creams,2011,554796932.8
Anti-Aging Creams,2014,1978088315
Anti-Aging Creams,2019,1004128688
Anti-Aging Creams,2018,612254270.2
Anti-Aging Creams,2017,1554171758
Anti-Aging Creams,2024,1498788802
Anti-Aging Creams,2019,334469407.4
Anti-Aging Creams,2017,1721531555
Anti-Aging Creams,2018,214146624.3
Anti-Aging Creams,2022,588919214
Anti-Aging Creams,2024,1133926214
Anti-Aging Creams,2012,763869750.3
Anti-Aging Creams,2010,1053741130
Anti-Aging Creams,2014,1114263196
Anti-Aging Creams,2023,231331543.5
Anti-Aging Creams,2022,1382581096
Anti-Aging Creams,2015,86784010.77
Anti-Aging Creams,2018,5381676.46
Anti-Aging Creams,2011,1723164368
Anti-Aging Creams,2024,444503592.1
Anti-Aging Creams,2016,1460614584
Anti-Aging Creams,2015,1976257514
Anti-Aging Creams,2012,1799684441
Anti-Aging Creams,2012,1897193918
Anti-Aging Creams,2023,917077247.7
Anti-Aging Creams,2011,278525040.7
Anti-Aging Creams,2019,1610979370
Anti-Aging Creams,2023,216664726.4
Anti-Aging Creams,2023,860488373.3
Anti-Aging Creams,2017,1840139512
Anti-Aging Creams,2010,1184629380
Anti-Aging Creams,2024,995683106.5
Anti-Aging Creams,2022,1933235838
Anti-Aging Creams,2023,457318201.2
Anti-Aging Creams,2014,1657224098
Anti-Aging Creams,2011,550069579.6
Anti-Aging Creams,2017,575807870.5
Anti-Aging Creams,2016,1965339105
Anti-Aging Creams,2021,1847076862
Anti-Aging Creams,2023,755369828.6
Anti-Aging Creams,2015,311754765.5
Anti-Aging Creams,2010,1280421444
Anti-Aging Creams,2020,55537160.98
Anti-Aging Creams,2018,651331478.5
Anti-Aging Creams,2014,639232558
Anti-Aging Creams,2011,1548857700
Anti-Aging Creams,2013,892431477.5
Anti-Aging Creams,2012,499512348.7
Anti-Aging Creams,2021,505064358.7
Anti-Aging Creams,2015,1360248952
Anti-Aging Creams,2020,1297252148
Anti-Aging Creams,2022,1933084853
Anti-Aging Creams,2023,1371387624
Anti-Aging Creams,2022,647429894.6
Anti-Aging Creams,2014,840154892
Anti-Aging Creams,2023,292495742.3
Anti-Aging Creams,2020,1776962125
Anti-Aging Creams,2018,1857596098
Anti-Aging Creams,2022,1001758688
Anti-Aging Creams,2023,1342819737
Anti-Aging Creams,2020,410952670.6
Anti-Aging Creams,2024,987459579.7
Anti-Aging Creams,2019,811923691.9
Anti-Aging Creams,2022,996282550.6
Anti-Aging Creams,2017,1325010982
Anti-Aging Creams,2022,1074229131
Anti-Aging Creams,2020,798954599.8
Anti-Aging Creams,2017,452039087.8
Anti-Aging Creams,2016,880956110.3
Anti-Aging Creams,2024,860549680.8
Anti-Aging Creams,2014,365232379.3
Anti-Aging Creams,2011,365164566.7
Anti-Aging Creams,2017,348711519
Anti-Aging Creams,2024,124097241.7
Anti-Aging Creams,2012,230581910.3
Anti-Aging Creams,2024,444328942.9
Anti-Aging Creams,2020,247483566.2
Anti-Aging Creams,2022,511387377.5
Anti-Aging Creams,2011,1633532226
Anti-Aging Creams,2017,341684740.9
Anti-Aging Creams,2015,957491179
Anti-Aging Creams,2023,1233625444
Anti-Aging Creams,2015,1307073658
Anti-Aging Creams,2011,1325555387
Anti-Aging Creams,2011,887357153.5
Anti-Aging Creams,2022,585872913.2
Anti-Aging Creams,2022,1666453932
Anti-Aging Creams,2020,817908166.9
Anti-Aging Creams,2020,39516528.62
Anti-Aging Creams,2021,898556567.9
Anti-Aging Creams,2011,590615888.9
Anti-Aging Creams,2022,778093471.7
Anti-Aging Creams,2016,664242350
Anti-Aging Creams,2017,1556340436
Anti-Aging Creams,2014,961794187.1
Anti-Aging Creams,2016,1467405888
Anti-Aging Creams,2011,1814765393
Anti-Aging Creams,2010,203229659.8
Anti-Aging Creams,2017,1781587416
Anti-Aging Creams,2011,765257199.8
Anti-Aging Creams,2018,1197938025
Anti-Aging Creams,2024,393812606.7
Anti-Aging Creams,2017,1411912982
Anti-Aging Creams,2017,1514922937
Anti-Aging Creams,2020,228282522.9
Anti-Aging Creams,2011,538457360.8
Anti-Aging Creams,2022,928322607.8
Anti-Aging Creams,2016,1787913858
Anti-Aging Creams,2013,875473915.6
Anti-Aging Creams,2012,1356856689
Anti-Aging Creams,2020,1825014973
Anti-Aging Creams,2010,994517862.2
Anti-Aging Creams,2023,494446857.5
Anti-Aging Creams,2010,1653948405
Anti-Aging Creams,2020,1048712109
Anti-Aging Creams,2010,72234553.52
Anti-Aging Creams,2015,427454305.4
Anti-Aging Creams,2015,1094931116
Anti-Aging Creams,2016,1462186083
Anti-Aging Creams,2023,1960814682
Anti-Aging Creams,2014,574977669.7
Anti-Aging Creams,2023,760961983.9
Anti-Aging Creams,2023,497599320
Anti-Aging Creams,2015,754576795.5
Anti-Aging Creams,2014,1484615101
Anti-Aging Creams,2023,1245191003
Anti-Aging Creams,2013,402086294.2
Anti-Aging Creams,2017,1055411992
Anti-Aging Creams,2024,287921395.7
Anti-Aging Creams,2023,54202524.92
Anti-Aging Creams,2014,1255028557
Anti-Aging Creams,2015,1663869945
Anti-Aging Creams,2017,902466708.1
Anti-Aging Creams,2024,1485231013
Anti-Aging Creams,2012,725611543.1
Anti-Aging Creams,2024,585947876.8
Anti-Aging Creams,2021,157497004.5
Anti-Aging Creams,2015,610355516.4
Anti-Aging Creams,2016,1896221711
Anti-Aging Creams,2023,684541337
Anti-Aging Creams,2013,506298756.5
Anti-Aging Creams,2023,49540465.34
Anti-Aging Creams,2024,864884874.9
Anti-Aging Creams,2011,1382779204
Anti-Aging Creams,2012,696659363.7
Anti-Aging Creams,2010,841421602.5
Anti-Aging Creams,2021,1038839880
Anti-Aging Creams,2017,551323781.4
Anti-Aging Creams,2016,1140375313
Anti-Aging Creams,2016,1211700742
Anti-Aging Creams,2021,797758489
Anti-Aging Creams,2014,1314592052
Anti-Aging Creams,2018,1626611400
Anti-Aging Creams,2015,1230658239
Anti-Aging Creams,2021,1808255487
Anti-Aging Creams,2021,531424901.8
Anti-Aging Creams,2010,1768674476
Anti-Aging Creams,2022,592274629.2
Anti-Aging Creams,2022,1288705651
Anti-Aging Creams,2010,1849025320
Anti-Aging Creams,2016,253692563.1
Anti-Aging Creams,2021,704331951.1
Anti-Aging Creams,2011,1734941913
Anti-Aging Creams,2020,125213300.7
Anti-Aging Creams,2019,508396413.8
Anti-Aging Creams,2010,1318864699
Anti-Aging Creams,2013,293561009.6
Anti-Aging Creams,2022,22048026.85
Anti-Aging Creams,2024,900516376.5
Anti-Aging Creams,2010,333134899.1
Anti-Aging Creams,2010,1447664243
Anti-Aging Creams,2011,1750830337
Anti-Aging Creams,2015,1925659254
Anti-Aging Creams,2022,238067642.5
Anti-Aging Creams,2017,1062579654
Anti-Aging Creams,2011,1880486007
Anti-Aging Creams,2019,57125768.2
Anti-Aging Creams,2024,1380849552
Anti-Aging Creams,2014,1353731816
Anti-Aging Creams,2015,928888597.3
Anti-Aging Creams,2019,192790365.1
Anti-Aging Creams,2012,976855829.4
Anti-Aging Creams,2022,1607961428
Anti-Aging Creams,2016,115518716.9
Anti-Aging Creams,2012,1365616711
Anti-Aging Creams,2019,271249701.4
Anti-Aging Creams,2013,285297919
Anti-Aging Creams,2019,1744181552
Anti-Aging Creams,2021,166738424.8
Anti-Aging Creams,2022,127668613.7
Anti-Aging Creams,2018,1512300477
Anti-Aging Creams,2022,729674283
Anti-Aging Creams,2017,1048810504
Anti-Aging Creams,2020,940453533
Anti-Aging Creams,2015,1873371780
Anti-Aging Creams,2017,318341105.2
Anti-Aging Creams,2020,1613637510
Anti-Aging Creams,2016,1595375428
Anti-Aging Creams,2017,342032126.5
Anti-Aging Creams,2016,1786757627
Anti-Aging Creams,2021,514036614.9
Anti-Aging Creams,2013,1196910975
Anti-Aging Creams,2011,1622120524
Anti-Aging Creams,2014,1591783371
Anti-Aging Creams,2018,506412886
Anti-Aging Creams,2017,1915056788
Anti-Aging Creams,2016,598745124
Anti-Aging Creams,2016,59754751.8
Anti-Aging Creams,2017,779195394
Anti-Aging Creams,2017,956015844.5
Anti-Aging Creams,2013,1373909384
Anti-Aging Creams,2011,424675417.2
Anti-Aging Creams,2010,1483535414
Anti-Aging Creams,2010,1980706299
Anti-Aging Creams,2022,1396680797
Anti-Aging Creams,2017,581533220.7
Anti-Aging Creams,2020,1590587641
Anti-Aging Creams,2018,162263915.8
Anti-Aging Creams,2022,1838846618
Anti-Aging Creams,2024,861302971.7
Anti-Aging Creams,2019,184562253.9
Anti-Aging Creams,2023,1584959198
Anti-Aging Creams,2022,489099631.2
Anti-Aging Creams,2024,633331561
Anti-Aging Creams,2024,1943309553
Anti-Aging Creams,2021,1575927039
Anti-Aging Creams,2013,475556903
Anti-Aging Creams,2021,1051325397
Anti-Aging Creams,2020,1567092286
Anti-Aging Creams,2022,1644023442
Anti-Aging Creams,2015,1557191459
Anti-Aging Creams,2010,1123432927
Anti-Aging Creams,2023,474913852.6
Anti-Aging Creams,2013,249084933.8
Anti-Aging Creams,2017,179732301.6
Anti-Aging Creams,2023,994079723.1
Anti-Aging Creams,2024,594446281.9
Anti-Aging Creams,2019,1128194906
Anti-Aging Creams,2018,1554993827
Anti-Aging Creams,2019,909882974
Anti-Aging Creams,2015,481064399
Anti-Aging Creams,2013,1068909622
Anti-Aging Creams,2014,1950622403
Anti-Aging Creams,2013,872155807.5
Anti-Aging Creams,2024,1929320472
Anti-Aging Creams,2023,1320748166
Anti-Aging Creams,2015,1550277610
Anti-Aging Creams,2017,712714528.8
Anti-Aging Creams,2022,1218384375
Anti-Aging Creams,2012,300926905.8
Anti-Aging Creams,2022,1097406951
Anti-Aging Creams,2012,491585243.2
Anti-Aging Creams,2019,1767082085
Anti-Aging Creams,2017,120381482.9
Anti-Aging Creams,2013,1153452055
Anti-Aging Creams,2016,1171471608
Anti-Aging Creams,2013,1027296027
Anti-Aging Creams,2017,620295276.4
Anti-Aging Creams,2010,1690285804
Anti-Aging Creams,2012,220079427.2
Anti-Aging Creams,2021,1394602312
Anti-Aging Creams,2019,922915574.5
Anti-Aging Creams,2013,74303430.63
Anti-Aging Creams,2018,1651188122
Anti-Aging Creams,2023,970489382
Anti-Aging Creams,2011,1238223204
Anti-Aging Creams,2012,1156289107
Anti-Aging Creams,2010,1531615085
Anti-Aging Creams,2011,476478206.1
Anti-Aging Creams,2013,23388982.55
Anti-Aging Creams,2017,1949042767
Anti-Aging Creams,2017,420787572.6
Anti-Aging Creams,2011,323031283.7
Anti-Aging Creams,2014,1788885419
Anti-Aging Creams,2010,159156151.4
Anti-Aging Creams,2016,1168421288
Anti-Aging Creams,2012,1516816920
Anti-Aging Creams,2011,47908520.49
Anti-Aging Creams,2021,1123091688
Anti-Aging Creams,2017,1055581813
Anti-Aging Creams,2014,1685442822
Anti-Aging Creams,2013,545571075.2
Anti-Aging Creams,2018,1087800827
Anti-Aging Creams,2017,1601148101
Cleanser,2018,1137607542
Cleanser,2014,979479701.4
Cleanser,2015,760957515.2
Cleanser,2023,509518750.4
Cleanser,2014,1413733062
Cleanser,2018,725415280.9
Cleanser,2021,403149339.5
Cleanser,2016,928388759.4
Cleanser,2014,916449422.9
Cleanser,2013,815333381.3
Cleanser,2010,218069536.4
Cleanser,2010,1927762754
Cleanser,2018,1873670613
Cleanser,2018,1700796408
Cleanser,2013,1829406559
Cleanser,2021,1800459655
Cleanser,2015,258289061
Cleanser,2023,1089721770
Cleanser,2010,1336371583
Cleanser,2023,642480669.3
Cleanser,2021,1998338365
Cleanser,2020,1711999784
Cleanser,2022,1851443063
Cleanser,2016,1268173021
Cleanser,2018,805100496.4
Cleanser,2020,1420338581
Cleanser,2013,1401234018
Cleanser,2015,142732710.7
Cleanser,2018,208132455.1
Cleanser,2011,525877063
Cleanser,2021,1449041700
Cleanser,2011,1553827807
Cleanser,2022,215367722.7
Cleanser,2012,42481554.63
Cleanser,2017,1085661949
Cleanser,2020,1696600563
Cleanser,2023,1457110607
Cleanser,2022,1976776944
Cleanser,2019,1623041261
Cleanser,2011,205986111.3
Cleanser,2011,1846889689
Cleanser,2014,1678889907
Cleanser,2014,320577577.3
Cleanser,2023,623762628.2
Cleanser,2010,1552197515
Cleanser,2022,475662579.8
Cleanser,2012,1753882736
Cleanser,2014,1092523055
Cleanser,2014,119478190.9
Cleanser,2015,494370316.6
Cleanser,2016,1351442328
Cleanser,2024,1338317894
Cleanser,2020,1855414503
Cleanser,2014,1586100377
Cleanser,2015,879909142.8
Cleanser,2013,51337141.97
Cleanser,2024,1581613680
Cleanser,2021,1558542203
Cleanser,2010,1521814198
Cleanser,2024,1790662808
Cleanser,2016,375732963.8
Cleanser,2018,1856870284
Cleanser,2013,509129285.2
Cleanser,2010,1482166878
Cleanser,2018,1109894787
Cleanser,2012,1828140808
Cleanser,2023,1220973159
Cleanser,2017,934916083.2
Cleanser,2016,704557543.9
Cleanser,2016,1900709767
Cleanser,2020,710592419.8
Cleanser,2012,1303192753
Cleanser,2013,1606923130
Cleanser,2016,1325574793
Cleanser,2024,1959916628
Cleanser,2016,1207187330
Cleanser,2016,1807488673
Cleanser,2020,941923647.6
Cleanser,2017,661906004.9
Cleanser,2015,979341975.2
Cleanser,2018,863627291.3
Cleanser,2018,1276808706
Cleanser,2019,195361055.1
Cleanser,2010,871069967.7
Cleanser,2015,375974185
Cleanser,2024,1053284379
Cleanser,2023,493234928.4
Cleanser,2024,1327225834
Cleanser,2019,1021554651
Cleanser,2022,941477767
Cleanser,2023,1640304763
Cleanser,2011,1437539900
Cleanser,2011,1842133418
Cleanser,2016,1595574575
Cleanser,2013,61451890.98
Cleanser,2022,895338107.5
Cleanser,2018,984418653.1
Cleanser,2023,236506747.7
Cleanser,2014,73321263.79
Cleanser,2021,565622120.8
Cleanser,2019,1488298831
Cleanser,2020,650311359.7
Cleanser,2016,1836110257
Cleanser,2012,1779237439
Cleanser,2023,1770603083
Cleanser,2011,243161183.5
Cleanser,2022,910000348.6
Cleanser,2022,572544317.3
Cleanser,2023,1726870488
Cleanser,2018,1620917035
Cleanser,2016,1964061447
Cleanser,2017,1396081156
Cleanser,2018,254789817.7
Cleanser,2020,182837005.1
Cleanser,2015,986403735.2
Cleanser,2019,699767598.5
Cleanser,2024,992528849.8
Cleanser,2023,96181804.75
Cleanser,2011,391755614.6
Cleanser,2017,1885425780
Cleanser,2014,431074801.6
Cleanser,2018,212106727.6
Cleanser,2020,346453061.3
Cleanser,2015,36995817.4
Cleanser,2013,547574419.1
Cleanser,2021,1214230093
Cleanser,2021,1379827257
Cleanser,2013,1577884585
Cleanser,2016,482270116.4
Cleanser,2020,316556208
Cleanser,2018,1525131987
Cleanser,2014,294748255.3
Cleanser,2017,1004887239
Cleanser,2018,1441773531
Cleanser,2015,1868820124
Cleanser,2021,107609221.3
Cleanser,2022,12622970.46
Cleanser,2013,1155083898
Cleanser,2012,1199111707
Cleanser,2024,11951271.24
Cleanser,2011,1905619887
Cleanser,2013,686177420.2
Cleanser,2015,1400150654
Cleanser,2013,311917945.4
Cleanser,2011,765172220.6
Cleanser,2017,41172944.81
Cleanser,2015,305135363.8
Cleanser,2020,986668208.8
Cleanser,2024,648192401.9
Cleanser,2024,527691377.3
Cleanser,2018,1971705729
Cleanser,2010,1950112672
Cleanser,2013,589725810.6
Cleanser,2023,1650180902
Cleanser,2019,1533633335
Cleanser,2010,325735179.9
Cleanser,2023,16492489.82
Cleanser,2017,454008102.5
Cleanser,2011,90090099.56
Cleanser,2021,960202079.6
Cleanser,2020,1687794718
Cleanser,2016,1675895325
Cleanser,2017,515689718.2
Cleanser,2016,1204618489
Cleanser,2018,837460186.5
Cleanser,2018,931491896.7
Cleanser,2010,1410710238
Cleanser,2012,1262984623
Cleanser,2011,1211295403
Cleanser,2018,808950436
Cleanser,2023,1392210266
Cleanser,2021,1732723420
Cleanser,2013,1778509789
Cleanser,2019,1175969196
Cleanser,2019,1823595909
Cleanser,2014,318835155
Cleanser,2022,1215762718
Cleanser,2020,428216957
Cleanser,2016,376822613.7
Cleanser,2013,1883969707
Cleanser,2022,1313665811
Cleanser,2012,810377780.9
Cleanser,2014,943793017.4
Cleanser,2019,1623929551
Cleanser,2011,1927351880
Cleanser,2012,644747525.5
Cleanser,2024,1704866954
Cleanser,2019,1194710137
Cleanser,2013,148947752.4
Cleanser,2022,1922136420
Cleanser,2014,781401723
Cleanser,2013,1750052573
Cleanser,2019,542353154.3
Cleanser,2016,1714955462
Cleanser,2011,1167715706
Cleanser,2024,537156042.2
Cleanser,2018,1537907810
Cleanser,2019,1751301898
Cleanser,2018,409340933.3
Cleanser,2019,1855567487
Cleanser,2012,628056847.7
Cleanser,2020,345773431.3
Cleanser,2012,741319992.1
Cleanser,2016,925241978.8
Cleanser,2023,1100605932
Cleanser,2010,1171361433
Cleanser,2018,626053873.8
Cleanser,2012,1562070163
Cleanser,2018,266781079.5
Cleanser,2023,781217767.4
Cleanser,2019,185518881.8
Cleanser,2023,938202502.8
Cleanser,2019,128928178.3
Cleanser,2017,1870686848
Cleanser,2020,1747186437
Cleanser,2013,1980350833
Cleanser,2019,1997795745
Cleanser,2014,851147765.4
Cleanser,2012,1188411128
Cleanser,2016,1826469026
Cleanser,2021,861920996.9
Cleanser,2011,403771019.6
Cleanser,2017,694897183.6
Cleanser,2014,1513989125
Cleanser,2022,1451942054
Cleanser,2024,912216658
Cleanser,2021,1833510901
Cleanser,2020,1566611892
Cleanser,2015,439558414.6
Cleanser,2021,758989030.3
Cleanser,2020,561860139
Cleanser,2022,176917537.7
Cleanser,2021,1903350222
Cleanser,2011,1293716834
Cleanser,2020,1258157858
Cleanser,2019,1118661179
Cleanser,2011,289937334.1
Cleanser,2023,557460439.8
Cleanser,2021,1453924937
Cleanser,2013,1498192289
Cleanser,2013,672171072.9
Cleanser,2023,1344121225
Cleanser,2019,248423226.2
Cleanser,2017,110135428.5
Cleanser,2017,666845912.4
Cleanser,2012,1235021431
Cleanser,2024,140496448.3
Cleanser,2024,1449753075
Cleanser,2016,235955214
Cleanser,2011,942011435.6
Cleanser,2011,1743411214
Cleanser,2016,840712658.2
Cleanser,2020,403994291.9
Cleanser,2023,725893161.3
Cleanser,2016,425337316
Cleanser,2022,503868620.7
Cleanser,2024,1558299408
Cleanser,2011,1838256644
Cleanser,2019,284282419.8
Cleanser,2024,1082933765
Cleanser,2019,560509790.2
Cleanser,2015,1268360506
Cleanser,2021,1841502503
Cleanser,2023,1429445318
Cleanser,2017,1744757401
Cleanser,2023,1560151899
Cleanser,2022,1877321494
Cleanser,2015,460638164.2
Cleanser,2012,691688203.7
Cleanser,2011,762511344.1
Cleanser,2011,828559455.6
Cleanser,2010,1759192359
Cleanser,2012,1337175036
Cleanser,2024,955289553
Cleanser,2012,1345082703
Cleanser,2018,1846080949
Cleanser,2015,1119043231
Cleanser,2014,578276315.9
Cleanser,2020,41846253.82
Cleanser,2022,1077725866
Cleanser,2021,1260113953
Cleanser,2017,1461810459
Cleanser,2012,1708554263
Cleanser,2015,633469870.1
Cleanser,2012,584068028
Cleanser,2010,976920553.9
Cleanser,2015,375985971.5
Cleanser,2013,1759395964
Cleanser,2023,1809352521
Cleanser,2014,1583442691
Cleanser,2014,796339095.8
Cleanser,2023,1058630252
Cleanser,2016,1948024185
Cleanser,2020,914748354
Cleanser,2021,1600150708
Cleanser,2015,296996743.2
Cleanser,2021,1093967535
Cleanser,2010,692579007.4
Cleanser,2010,435455365
Cleanser,2010,1725832306
Cleanser,2018,1863412888
Cleanser,2016,163925883.5
Cleanser,2016,988436659.8
Cleanser,2014,1469524223
Cleanser,2020,802782524.6
Cleanser,2010,1631705670
Cleanser,2024,502606048.4
Cleanser,2020,1143121669
Cleanser,2015,1322566582
Cleanser,2020,1151105064
Cleanser,2010,1950657458
Cleanser,2024,540897898.6
Cleanser,2024,1360653818
Cleanser,2022,552857379.9
Cleanser,2022,1309639957
Cleanser,2019,639033790.6
Cleanser,2013,476811605.5
Cleanser,2015,14142564.97
Cleanser,2014,1794386940
Cleanser,2021,38864173.69
Cleanser,2016,1320118607
Cleanser,2024,595276217.7
Cleanser,2022,15356218.59
Cleanser,2019,1718894721
Cleanser,2015,314851062.2
Cleanser,2011,849364074.3
Cleanser,2019,84400256.77
Cleanser,2019,627261783.8
Cleanser,2024,718715796.5
Cleanser,2015,1944058561
Cleanser,2011,65453908.37
Cleanser,2024,553506781.4
Cleanser,2019,1836184479
Cleanser,2012,1285719060
Cleanser,2020,1006762833
Cleanser,2021,1894080755
Cleanser,2012,737381282.1
Cleanser,2013,269469164
Cleanser,2011,127046243.5
Cleanser,2013,787073636.3
Cleanser,2010,791826978.3
Cleanser,2020,848294218.3
Cleanser,2024,1675787249
Cleanser,2019,1479331800
Cleanser,2010,1475109605
Cleanser,2021,35669259.6
Cleanser,2023,1905679458
Cleanser,2020,1410011355
Cleanser,2024,566337011.6
Cleanser,2019,923519309.7
Cleanser,2012,778506874.1
Cleanser,2018,793168716.5
Cleanser,2022,255884534.8
Cleanser,2021,1741806078
Cleanser,2017,1019470451
Cleanser,2019,1375493699
Cleanser,2019,694164745.9
Exfoliants,2017,617790814.9
Exfoliants,2021,1791123638
Exfoliants,2023,1546450107
Exfoliants,2014,1326198623
Exfoliants,2014,146015771.9
Exfoliants,2019,345909279.9
Exfoliants,2024,446595289.4
Exfoliants,2019,1477028490
Exfoliants,2013,1435392979
Exfoliants,2024,271587483.4
Exfoliants,2013,623159163
Exfoliants,2023,1636651249
Exfoliants,2017,202384938.3
Exfoliants,2022,1302086279
Exfoliants,2015,288013488.8
Exfoliants,2023,1816021594
Exfoliants,2017,1335895697
Exfoliants,2020,1001169718
Exfoliants,2013,866360317.1
Exfoliants,2015,1384020835
Exfoliants,2013,673389391.4
Exfoliants,2010,518602285.5
Exfoliants,2014,327525328.9
Exfoliants,2013,305465764.4
Exfoliants,2015,1970795906
Exfoliants,2020,1194615456
Exfoliants,2022,1768728910
Exfoliants,2017,1268673276
Exfoliants,2011,623191755.8
Exfoliants,2016,1863614154
Exfoliants,2010,1583062308
Exfoliants,2022,49922478.16
Exfoliants,2021,89829688.42
Exfoliants,2011,1996315786
Exfoliants,2016,1431217575
Exfoliants,2021,75807882.65
Exfoliants,2011,1520995380
Exfoliants,2015,719065252.1
Exfoliants,2014,954995682
Exfoliants,2021,1062935415
Exfoliants,2017,129217515.3
Exfoliants,2019,1671360032
Exfoliants,2022,949612994.6
Exfoliants,2011,577735165.8
Exfoliants,2018,1483086295
Exfoliants,2013,496444769.9
Exfoliants,2017,1911177324
Exfoliants,2010,1734307469
Exfoliants,2022,1776865135
Exfoliants,2012,972192787.9
Exfoliants,2017,878687260.3
Exfoliants,2014,642196321.9
Exfoliants,2020,1630189312
Exfoliants,2018,647302940
Exfoliants,2021,1916228927
Exfoliants,2023,1749840195
Exfoliants,2012,451407235.9
Exfoliants,2011,1591350371
Exfoliants,2023,1162811159
Exfoliants,2012,1621873588
Exfoliants,2022,1403005477
Exfoliants,2012,1138911469
Exfoliants,2010,283807535.6
Exfoliants,2017,1560643013
Exfoliants,2019,908840109.8
Exfoliants,2024,1865917460
Exfoliants,2018,695148543.4
Exfoliants,2011,721054688
Exfoliants,2019,1841777261
Exfoliants,2010,75069979.76
Exfoliants,2020,484581392.5
Exfoliants,2015,1867330620
Exfoliants,2013,570585849.4
Exfoliants,2012,649167911.1
Exfoliants,2010,1527480822
Exfoliants,2013,583701228.6
Exfoliants,2015,767354812.3
Exfoliants,2019,202283240.6
Exfoliants,2019,240889781.9
Exfoliants,2014,151408951.5
Exfoliants,2015,1462854784
Exfoliants,2012,410950938.8
Exfoliants,2010,1545432325
Exfoliants,2021,53919239.72
Exfoliants,2023,1403888577
Exfoliants,2020,836263275.5
Exfoliants,2011,1969246336
Exfoliants,2018,1402611889
Exfoliants,2014,658937707.3
Exfoliants,2020,650113083
Exfoliants,2016,265541447.4
Exfoliants,2014,1851688549
Exfoliants,2022,1468891598
Exfoliants,2013,285375179.1
Exfoliants,2023,1674565147
Exfoliants,2022,13795080.5
Exfoliants,2020,176920861.2
Exfoliants,2021,472052262.6
Exfoliants,2015,1278341279
Exfoliants,2020,1892739153
Exfoliants,2015,1172140715
Exfoliants,2015,1119985931
Exfoliants,2011,1186633079
Exfoliants,2015,658093648.1
Exfoliants,2019,246599262.4
Exfoliants,2013,935835202.6
Exfoliants,2019,1807517955
Exfoliants,2019,342234751
Exfoliants,2016,1207385892
Exfoliants,2013,853894383.7
Exfoliants,2015,1562838823
Exfoliants,2010,1869541043
Exfoliants,2015,1404303028
Exfoliants,2016,1768065791
Exfoliants,2023,1147275270
Exfoliants,2022,1509736730
Exfoliants,2014,1238022022
Exfoliants,2022,846976236.9
Exfoliants,2012,418302266.5
Exfoliants,2019,676512541.8
Exfoliants,2019,751665387.5
Exfoliants,2020,1991407198
Exfoliants,2018,1805579196
Exfoliants,2018,136130588.2
Exfoliants,2013,1288622864
Exfoliants,2020,1034704783
Exfoliants,2020,503143286.5
Exfoliants,2016,823167293.2
Exfoliants,2016,107959000
Exfoliants,2017,936932642.1
Exfoliants,2018,897799483.5
Exfoliants,2021,307424694.4
Exfoliants,2018,1088641278
Exfoliants,2024,1134068757
Exfoliants,2012,1783917816
Exfoliants,2017,580461655.3
Exfoliants,2011,1483237029
Exfoliants,2010,1567116984
Exfoliants,2010,1063956981
Exfoliants,2015,1149305368
Exfoliants,2024,1026313709
Exfoliants,2019,433464607.5
Exfoliants,2015,1496618181
Exfoliants,2016,1248151767
Exfoliants,2011,1986682315
Exfoliants,2023,1010439218
Exfoliants,2013,562468620.5
Exfoliants,2016,1739670708
Exfoliants,2017,211695912.7
Exfoliants,2013,1608163928
Exfoliants,2017,579649455.5
Exfoliants,2013,67273177.65
Exfoliants,2014,1549793391
Exfoliants,2021,443202099.1
Exfoliants,2021,1004317790
Exfoliants,2010,636774731.3
Exfoliants,2019,1012071975
Exfoliants,2014,22263929.73
Exfoliants,2017,1659705808
Exfoliants,2014,631290561.5
Exfoliants,2015,1706252894
Exfoliants,2023,550844120.5
Exfoliants,2020,1284792887
Exfoliants,2011,1020994026
Exfoliants,2011,1835608453
Exfoliants,2017,963904053.1
Exfoliants,2019,1108836724
Exfoliants,2020,313825909.4
Exfoliants,2019,1755969196
Exfoliants,2013,1198096808
Exfoliants,2015,924646759.5
Exfoliants,2020,1999341381
Exfoliants,2021,29995413.95
Exfoliants,2021,1545643597
Exfoliants,2022,600644654
Exfoliants,2010,1233861156
Exfoliants,2011,224634807.7
Exfoliants,2010,684633791.9
Exfoliants,2010,1656209895
Exfoliants,2019,1171741611
Exfoliants,2023,1938653869
Exfoliants,2016,1128701339
Exfoliants,2020,653998841.7
Exfoliants,2015,49451032.29
Exfoliants,2023,1821081233
Exfoliants,2017,895091884.2
Exfoliants,2024,321451854
Exfoliants,2020,788196093
Exfoliants,2019,938955371.8
Exfoliants,2013,954490321.2
Exfoliants,2019,637303954.2
Exfoliants,2014,1776335355
Exfoliants,2011,566756875.9
Exfoliants,2020,1486833893
Exfoliants,2018,921521604.5
Exfoliants,2022,1036535650
Exfoliants,2019,240584717.1
Exfoliants,2011,1780526677
Exfoliants,2022,443134097.1
Exfoliants,2022,1914874682
Exfoliants,2014,1895844662
Exfoliants,2019,161056520
Exfoliants,2018,280518852.8
Exfoliants,2018,1157253506
Exfoliants,2018,935421090.8
Exfoliants,2014,1453454738
Exfoliants,2023,1800836416
Exfoliants,2012,155660073
Exfoliants,2019,592520587.6
Exfoliants,2011,1270607415
Exfoliants,2013,456002888.8
Exfoliants,2023,1110042549
Exfoliants,2010,1228741747
Exfoliants,2015,1295048877
Exfoliants,2010,1937429001
Exfoliants,2023,584471560.7
Exfoliants,2011,1775268791
Exfoliants,2018,1560135250
Exfoliants,2021,1761934616
Exfoliants,2018,1183407139
Exfoliants,2022,435363252
Exfoliants,2014,1575888848
Exfoliants,2016,1637346239
Exfoliants,2017,84458675.36
Exfoliants,2016,393879304.5
Exfoliants,2017,1921622936
Exfoliants,2013,1112035403
Exfoliants,2010,1258578634
Exfoliants,2024,1796061782
Exfoliants,2023,539541621.7
Exfoliants,2024,1207808109
Exfoliants,2011,351596417.9
Exfoliants,2011,449638247.5
Exfoliants,2020,1475675946
Exfoliants,2012,479196054.4
Exfoliants,2019,1489434994
Exfoliants,2013,1482567449
Exfoliants,2023,625907523
Exfoliants,2024,165436693.6
Exfoliants,2013,1962630444
Exfoliants,2021,1759610658
Exfoliants,2018,1577307886
Exfoliants,2012,6446169.17
Exfoliants,2011,24834780.9
Exfoliants,2023,1428596802
Exfoliants,2016,1221009065
Exfoliants,2023,679449800.6
Exfoliants,2017,386555816.6
Exfoliants,2013,1409357156
Exfoliants,2013,61195712.17
Exfoliants,2013,111195059.9
Exfoliants,2024,505512623.3
Exfoliants,2010,1276193077
Exfoliants,2022,962485300.2
Exfoliants,2013,1026964800
Exfoliants,2011,910357404.7
Exfoliants,2024,596896187.4
Exfoliants,2021,1319731797
Exfoliants,2014,301871565.5
Exfoliants,2011,656992823
Exfoliants,2014,1857421627
Exfoliants,2020,19900040.8
Exfoliants,2018,1905047702
Exfoliants,2013,1084493801
Exfoliants,2023,1796645399
Exfoliants,2010,1847894711
Exfoliants,2017,653402210.8
Exfoliants,2021,810656069.9
Exfoliants,2023,1395963691
Exfoliants,2020,1342440778
Exfoliants,2012,547165357.2
Exfoliants,2024,1063564924
Exfoliants,2014,336105572.1
Exfoliants,2018,1892847986
Exfoliants,2014,1900314687
Exfoliants,2015,1036853738
Exfoliants,2019,940059391
Exfoliants,2013,1179958996
Exfoliants,2022,919217744.6
Exfoliants,2013,955220235
Exfoliants,2013,1844983120
Exfoliants,2014,112352926.2
Exfoliants,2018,1360606706
Exfoliants,2011,881326706.3
Exfoliants,2017,1542475376
Exfoliants,2018,1014609530
Exfoliants,2014,1908217187
Exfoliants,2013,1319792515
Exfoliants,2011,1209154052
Exfoliants,2024,273612349.3
Exfoliants,2020,23195521.49
Exfoliants,2010,768974475.5
Exfoliants,2012,1612693718
Exfoliants,2022,1052660149
Exfoliants,2024,1835050732
Exfoliants,2023,1208173880
Exfoliants,2017,147229573.1
Exfoliants,2014,1638916629
Exfoliants,2013,47782475.47
Exfoliants,2015,1560897027
Exfoliants,2020,1291068362
Exfoliants,2011,1268653452
Exfoliants,2015,815636347.1
Exfoliants,2023,999107967.2
Exfoliants,2017,409727351.3
Exfoliants,2020,693167693.9
Exfoliants,2013,1975243632
Exfoliants,2019,126201442.3
Exfoliants,2021,1417214149
Exfoliants,2013,1714391725
Exfoliants,2020,1404754342
Exfoliants,2022,1994588044
Exfoliants,2024,241044326.5
Exfoliants,2020,760024224.4
Exfoliants,2014,440195735.9
Exfoliants,2019,1672318391
Exfoliants,2016,1121714044
Exfoliants,2020,1643000445
Exfoliants,2013,919125455.9
Exfoliants,2021,889875951.2
Exfoliants,2019,1858462761
Exfoliants,2013,1133654462
Exfoliants,2022,1665000880
Exfoliants,2018,1878493798
Exfoliants,2017,1059542554
Exfoliants,2020,904404445.5
Exfoliants,2019,1069525741
Exfoliants,2012,974555349.7
Exfoliants,2013,146749792
Exfoliants,2021,285250787.6
Exfoliants,2022,609676263.9
Exfoliants,2021,1565478976
Exfoliants,2023,1724364100
Exfoliants,2016,1213484281
Exfoliants,2015,1469899535
Exfoliants,2015,1440467256
Exfoliants,2016,1212133293
Exfoliants,2017,1240380433
Exfoliants,2021,44769866.7
Exfoliants,2022,148072711
Exfoliants,2021,74433255.15
Exfoliants,2015,1645995498
Exfoliants,2011,595730462.6
Exfoliants,2021,1591830481
Exfoliants,2021,1615611823
Exfoliants,2020,570830228.2
Exfoliants,2022,1699869309
Exfoliants,2021,565323519.2
Exfoliants,2010,885806845.1
Exfoliants,2015,860323747.7
Exfoliants,2010,1769612274
Exfoliants,2019,805869200.8
Exfoliants,2018,699131658.2
Exfoliants,2018,1201623575
Exfoliants,2016,1635602563
Exfoliants,2015,1737727988
Exfoliants,2021,1809732706
Exfoliants,2020,1573014427
Exfoliants,2015,1834051416
Exfoliants,2016,573701721.1
Exfoliants,2013,241573048
Exfoliants,2022,1187132685
Exfoliants,2023,1642267720
Exfoliants,2010,443389272.6
Exfoliants,2020,1848200480
Exfoliants,2014,611472690.9
Exfoliants,2014,557079455.6
Exfoliants,2022,1183078767
Exfoliants,2019,1576865141
Exfoliants,2017,1728189460
Exfoliants,2017,1903072878
Exfoliants,2022,1774165401
Exfoliants,2010,1364817200
Exfoliants,2019,1941521076
Exfoliants,2010,816670648.1
Exfoliants,2013,1836531867
Face Masks,2019,916633148.2
Face Masks,2012,1576756003
Face Masks,2018,1075667858
Face Masks,2014,894434005.7
Face Masks,2014,1960774580
Face Masks,2022,1583177124
Face Masks,2017,1654330158
Face Masks,2024,1469540863
Face Masks,2023,1988535861
Face Masks,2022,350335196.2
Face Masks,2020,905930743.4
Face Masks,2015,1227222718
Face Masks,2013,1064623820
Face Masks,2022,1106064126
Face Masks,2024,1385958296
Face Masks,2010,538966663.7
Face Masks,2021,1095036519
Face Masks,2016,1749109045
Face Masks,2019,467993085.1
Face Masks,2014,1604396120
Face Masks,2019,1514966658
Face Masks,2019,1571093252
Face Masks,2019,1289544363
Face Masks,2020,899630404.5
Face Masks,2022,1740457150
Face Masks,2021,873739162.3
Face Masks,2020,1215040650
Face Masks,2014,1725200189
Face Masks,2013,1116424659
Face Masks,2021,1358405289
Face Masks,2022,1478894941
Face Masks,2015,1139653863
Face Masks,2017,580528069.4
Face Masks,2018,1352096602
Face Masks,2021,710199285.4
Face Masks,2024,1207748151
Face Masks,2024,1260483810
Face Masks,2010,1132996307
Face Masks,2024,585772912.2
Face Masks,2010,7335119.7
Face Masks,2023,975289952.9
Face Masks,2016,664320922.9
Face Masks,2021,764855833.6
Face Masks,2024,46903299.14
Face Masks,2018,696079003
Face Masks,2023,1793732007
Face Masks,2014,318547250.1
Face Masks,2010,1160765157
Face Masks,2024,1662076633
Face Masks,2019,888746237.9
Face Masks,2014,1496140505
Face Masks,2018,1679520335
Face Masks,2015,1379428451
Face Masks,2011,1715464902
Face Masks,2023,1212801943
Face Masks,2011,123628118.5
Face Masks,2010,1288629515
Face Masks,2017,1502161023
Face Masks,2012,1956434582
Face Masks,2017,108106567.8
Face Masks,2016,597310589
Face Masks,2019,1402074035
Face Masks,2010,135223117.4
Face Masks,2013,405754869.5
Face Masks,2014,314860059.2
Face Masks,2023,1860727161
Face Masks,2018,489631892.1
Face Masks,2016,869203915.7
Face Masks,2018,804742338.9
Face Masks,2022,473064704.7
Face Masks,2011,597534226.8
Face Masks,2010,134263254
Face Masks,2017,1385191902
Face Masks,2022,1823882524
Face Masks,2011,1607957110
Face Masks,2013,739529688.4
Face Masks,2024,994592957.4
Face Masks,2019,511848892.7
Face Masks,2016,559780464.9
Face Masks,2019,525300397.9
Face Masks,2010,1965962332
Face Masks,2021,356487228.3
Face Masks,2022,1346224239
Face Masks,2023,1684376099
Face Masks,2011,586740901.6
Face Masks,2010,1907045634
Face Masks,2012,1850586500
Face Masks,2020,432067352.9
Face Masks,2016,1800609690
Face Masks,2011,32789336.56
Face Masks,2020,1944459347
Face Masks,2024,1473023819
Face Masks,2016,1615871022
Face Masks,2020,1835316117
Face Masks,2019,1720479593
Face Masks,2024,363196796.6
Face Masks,2012,938478419.4
Face Masks,2020,1811805931
Face Masks,2017,501110127.6
Face Masks,2017,956646802.4
Face Masks,2015,396571864.5
Face Masks,2013,504504497.4
Face Masks,2021,377485091.5
Face Masks,2013,1630625832
Face Masks,2013,825330724
Face Masks,2023,1785741100
Face Masks,2022,1529376812
Face Masks,2015,781380121.1
Face Masks,2020,285764887.7
Face Masks,2020,908143475.4
Face Masks,2022,1129662080
Face Masks,2022,1706781778
Face Masks,2011,1187449253
Face Masks,2015,1141131322
Face Masks,2015,197484053.3
Face Masks,2012,166932907.2
Face Masks,2016,1708807266
Face Masks,2015,262465501.2
Face Masks,2011,1559787376
Face Masks,2011,827828191.7
Face Masks,2016,1635047955
Face Masks,2023,790065510.5
Face Masks,2020,513587915.5
Face Masks,2020,1825176211
Face Masks,2016,948518212.8
Face Masks,2023,1928374381
Face Masks,2018,1078851870
Face Masks,2017,1405346486
Face Masks,2022,438537335.8
Face Masks,2012,857767011.5
Face Masks,2021,1848636082
Face Masks,2021,526514577.3
Face Masks,2024,348659391.8
Face Masks,2024,80713466.67
Face Masks,2010,1988109669
Face Masks,2023,1048276645
Face Masks,2018,816263293.2
Face Masks,2024,448434308.6
Face Masks,2017,1449671979
Face Masks,2019,1313637844
Face Masks,2019,586809005.2
Face Masks,2014,1876122547
Face Masks,2022,358028262.1
Face Masks,2010,1172568812
Face Masks,2015,1462194438
Face Masks,2021,1525844297
Face Masks,2016,523687341.4
Face Masks,2011,1685226520
Face Masks,2019,883478524
Face Masks,2017,1485230730
Face Masks,2014,1119152317
Face Masks,2017,1862060026
Face Masks,2019,294185561.8
Face Masks,2014,331501834
Face Masks,2018,1926945938
Face Masks,2023,1005900574
Face Masks,2016,495341412.9
Face Masks,2020,1187128218
Face Masks,2016,1558490928
Face Masks,2021,285244489.2
Face Masks,2015,942366458.8
Face Masks,2013,1263146059
Face Masks,2021,1605728435
Face Masks,2012,1388195079
Face Masks,2023,138836505.9
Face Masks,2017,977053231.7
Face Masks,2015,1754704840
Face Masks,2022,1892877523
Face Masks,2023,1529195188
Face Masks,2010,382211299.6
Face Masks,2018,608198912.1
Face Masks,2014,1560560722
Face Masks,2016,453942575.6
Face Masks,2017,1680906914
Face Masks,2021,952354213
Face Masks,2017,1510820906
Face Masks,2019,598862393.2
Face Masks,2015,66651459.67
Face Masks,2021,1278216093
Face Masks,2020,1226177304
Face Masks,2011,114889771.9
Face Masks,2012,1270202476
Face Masks,2017,1806285311
Face Masks,2017,1475621092
Face Masks,2020,1433902562
Face Masks,2016,1602454498
Face Masks,2011,1773757144
Face Masks,2021,1516374110
Face Masks,2014,1204029473
Face Masks,2013,1343756804
Face Masks,2023,1946462110
Face Masks,2021,1910052025
Face Masks,2016,129356001.1
Face Masks,2024,1792593291
Face Masks,2018,28353198.82
Face Masks,2018,1494720347
Face Masks,2021,914356323.3
Face Masks,2011,429976836
Face Masks,2024,656906689.1
Face Masks,2012,1321300534
Face Masks,2014,323318955.4
Face Masks,2018,1243141763
Face Masks,2017,1771062377
Face Masks,2018,1884867780
Face Masks,2019,606277048.4
Face Masks,2017,728689193
Face Masks,2011,887071595.8
Face Masks,2010,1194774569
Face Masks,2024,1209853414
Face Masks,2015,884882599.8
Face Masks,2018,321131383.9
Face Masks,2016,1586488871
Face Masks,2024,670255045.4
Face Masks,2021,1014481280
Face Masks,2016,882528208.8
Face Masks,2010,901817476.9
Face Masks,2024,1008945882
Face Masks,2015,1768583993
Face Masks,2017,1034101351
Face Masks,2010,1768589688
Face Masks,2016,370474578.4
Face Masks,2012,1152489392
Face Masks,2019,290032605.6
Face Masks,2024,869588074.2
Face Masks,2012,930495462.6
Face Masks,2021,568105067.3
Face Masks,2011,861367845.7
Face Masks,2015,439763526.4
Face Masks,2021,477754809.1
Face Masks,2014,1699465265
Face Masks,2018,149547856.6
Face Masks,2019,554748968.6
Face Masks,2014,366388799.4
Face Masks,2023,52712754.27
Face Masks,2023,876748814.7
Face Masks,2020,322262836
Face Masks,2022,1533713411
Face Masks,2014,753016660.3
Face Masks,2011,1010872880
Face Masks,2014,1657133958
Face Masks,2022,800823362.5
Face Masks,2013,22815931.95
Face Masks,2014,1141640935
Face Masks,2020,1222662342
Face Masks,2018,85698929.32
Face Masks,2016,1300735203
Face Masks,2017,409819985.3
Face Masks,2015,626134279.8
Face Masks,2015,1994372060
Face Masks,2014,474153788.7
Face Masks,2017,336098830.8
Face Masks,2014,734962767
Face Masks,2011,1735850615
Face Masks,2023,618126715
Face Masks,2010,1618788396
Face Masks,2022,1530411754
Face Masks,2017,1281357990
Face Masks,2022,179192344
Face Masks,2023,897544683.1
Face Masks,2018,1474060031
Face Masks,2016,976626950.3
Face Masks,2018,1316766424
Face Masks,2022,984874036.7
Face Masks,2024,162382548.9
Face Masks,2020,1261470931
Face Masks,2016,1537566134
Face Masks,2011,551849620.9
Face Masks,2017,783352682.2
Face Masks,2016,1339261431
Face Masks,2022,536186643.6
Face Masks,2014,1327736729
Face Masks,2015,396029209
Face Masks,2013,693432011.3
Face Masks,2015,1256798697
Face Masks,2017,673015525.7
Face Masks,2014,1999074486
Face Masks,2024,1684503058
Face Masks,2017,1121675709
Face Masks,2022,1674724262
Face Masks,2015,428905376
Face Masks,2015,244686284.3
Face Masks,2019,1817534543
Face Masks,2014,680457520.2
Face Masks,2011,370062668.3
Face Masks,2020,1508959631
Face Masks,2012,506638849.7
Face Masks,2023,803023136.1
Face Masks,2021,1289244004
Face Masks,2017,1028520074
Face Masks,2015,1352156113
Face Masks,2021,177093664.7
Face Masks,2010,1000993531
Face Masks,2014,1575829615
Face Masks,2017,221883096
Face Masks,2021,1945964544
Face Masks,2016,1522957892
Face Masks,2021,1991704035
Face Masks,2011,1170418526
Face Masks,2016,739181167.3
Face Masks,2022,244202524.5
Face Masks,2021,966252277
Face Masks,2014,1472976953
Face Masks,2010,495040483.3
Face Masks,2023,1549392586
Face Masks,2018,401477064.5
Face Masks,2017,9908063.98
Face Masks,2014,1732275935
Face Masks,2011,1530512673
Face Masks,2013,771522220.8
Face Masks,2024,298881308.2
Face Masks,2019,1428775096
Face Masks,2014,939395250.1
Face Masks,2017,1387331995
Face Masks,2020,720225965.6
Face Masks,2022,148578796.2
Face Masks,2019,846563909.7
Face Masks,2020,1866797631
Face Masks,2020,1201602745
Face Masks,2023,496680074.3
Face Masks,2022,475394732.4
Face Masks,2011,1698589350
Face Masks,2020,1416366629
Face Masks,2014,1714507890
Face Masks,2018,908282051.5
Face Masks,2018,1159381296
Face Masks,2019,1090841508
Face Masks,2023,580491553.3
Face Masks,2020,526494278.3
Face Masks,2019,1215253464
Face Masks,2013,198054453
Face Masks,2010,1189837017
Face Masks,2016,324116064.2
Face Masks,2015,867214206.8
Face Masks,2023,476623171.2
Face Masks,2017,1495716661
Face Masks,2013,773211551.2
Face Masks,2011,995502655.3
Face Masks,2011,138483755.9
Face Masks,2014,1423945878
Face Masks,2014,1426577663
Face Masks,2023,348925105.6
Face Masks,2019,1345443257
Face Masks,2012,831384764.2
Face Masks,2023,1029205683
Face Masks,2017,429824877.1
Face Masks,2011,582929232.6
Face Masks,2021,667911140.8
Face Masks,2020,618729868.7
Face Masks,2021,186281710.6
Face Masks,2015,1971418811
Face Masks,2016,233416605
Face Masks,2018,1843069698
Face Masks,2014,1865204280
Face Masks,2010,946495450.7
Face Masks,2013,60178354.47
Face Masks,2012,1272391586
Face Masks,2013,268662939.4
Face Masks,2010,1578059201
Face Masks,2018,711985376.4
Face Masks,2011,66124201.52
Face Masks,2011,1470880755
Face Masks,2020,1881027996
Face Masks,2022,1181559038
Face Masks,2015,1543517766
Face Masks,2019,494701249
Face Masks,2015,327870092.6
Face Masks,2019,1419740652
Face Masks,2020,1960435955
Face Masks,2014,871345413.1
Face Masks,2019,149116585.9
Face Masks,2019,771973812.1
Face Masks,2022,231210060.6
Face Masks,2013,1274346570
Face Masks,2010,1622131572
Face Masks,2021,64990623.79
Face Masks,2024,1026403991
Face Masks,2010,456949669.6
Face Masks,2018,81859594.22
Face Masks,2012,1756895426
Face Masks,2020,69366702.53
Face Masks,2011,251121182.4
Face Masks,2023,942398121.2
Face Masks,2021,539289870.4
Face Masks,2018,1960748414
Face Masks,2024,832699911.4
Face Masks,2013,804253242.1
Face Masks,2011,396212324.5
Face Masks,2012,1474987366
Face Masks,2019,1287485749
Face Masks,2018,590389452.2
Face Masks,2020,664706435.7
Face Masks,2017,1564467602
Face Masks,2019,1877348318
Face Masks,2024,1515766252
Face Masks,2020,185399649.6
Face Masks,2014,1119100246
Face Masks,2015,475540397.5
Face Masks,2021,260417390.8
Face Masks,2022,50038570.19
Face Masks,2014,1184751890
Face Masks,2016,276481778.4
Face Masks,2017,181777108
Hydration Products,2015,1916206716
Hydration Products,2010,544223312.7
Hydration Products,2022,759368099
Hydration Products,2021,146407284
Hydration Products,2018,1101706608
Hydration Products,2019,152978439.6
Hydration Products,2013,222112845
Hydration Products,2010,1557763982
Hydration Products,2016,473030848
Hydration Products,2012,1198223583
Hydration Products,2014,908212259.1
Hydration Products,2019,108679828.3
Hydration Products,2015,454557435.5
Hydration Products,2024,1951043815
Hydration Products,2012,1958741298
Hydration Products,2019,1550772850
Hydration Products,2022,300306906.7
Hydration Products,2023,408169509.2
Hydration Products,2023,13144746.39
Hydration Products,2010,1747726187
Hydration Products,2023,1794394294
Hydration Products,2014,134144750.3
Hydration Products,2017,1471637717
Hydration Products,2019,1278027856
Hydration Products,2012,1250580943
Hydration Products,2018,515095943.5
Hydration Products,2019,140855115
Hydration Products,2014,1061044450
Hydration Products,2024,1607533212
Hydration Products,2016,1435783603
Hydration Products,2021,1628125983
Hydration Products,2020,1499415408
Hydration Products,2014,973013930.4
Hydration Products,2018,1693754165
Hydration Products,2015,1211174279
Hydration Products,2010,578981101.9
Hydration Products,2016,1741480504
Hydration Products,2010,1625050693
Hydration Products,2024,1778774433
Hydration Products,2014,1865412708
Hydration Products,2018,176433585.7
Hydration Products,2022,1056838285
Hydration Products,2015,616052534.6
Hydration Products,2019,407797193.4
Hydration Products,2024,581337281.8
Hydration Products,2015,1008357316
Hydration Products,2012,682610829.3
Hydration Products,2010,1646625336
Hydration Products,2011,1472640918
Hydration Products,2019,376156699.4
Hydration Products,2011,1715090071
Hydration Products,2010,622410736.2
Hydration Products,2024,539956986
Hydration Products,2018,212165465.5
Hydration Products,2014,1359990397
Hydration Products,2012,929886186.7
Hydration Products,2018,914350505
Hydration Products,2012,402351415.4
Hydration Products,2017,1165145676
Hydration Products,2016,1890135589
Hydration Products,2019,1191463507
Hydration Products,2010,1413610402
Hydration Products,2010,22163862.14
Hydration Products,2021,717477689.9
Hydration Products,2024,736379061.1
Hydration Products,2018,1459932618
Hydration Products,2011,1876642124
Hydration Products,2024,578931809.6
Hydration Products,2016,1924069629
Hydration Products,2010,1795596184
Hydration Products,2024,571682900.7
Hydration Products,2021,1060048776
Hydration Products,2013,1923994071
Hydration Products,2013,387485943.5
Hydration Products,2010,880200967.9
Hydration Products,2014,24620466.88
Hydration Products,2018,1357684757
Hydration Products,2020,1624168230
Hydration Products,2020,1922571089
Hydration Products,2017,1116347282
Hydration Products,2012,25065274.62
Hydration Products,2021,928159490.4
Hydration Products,2011,1949119041
Hydration Products,2012,1023851109
Hydration Products,2018,1912002266
Hydration Products,2018,1118650711
Hydration Products,2016,325142689.9
Hydration Products,2020,814456881.2
Hydration Products,2020,245932765.1
Hydration Products,2015,1189657781
Hydration Products,2018,1339492722
Hydration Products,2011,364961854.7
Hydration Products,2018,1609485644
Hydration Products,2024,258672137.3
Hydration Products,2023,901354299.3
Hydration Products,2012,1656924840
Hydration Products,2012,1486510824
Hydration Products,2019,304696620.2
Hydration Products,2013,1313837250
Hydration Products,2020,1312816914
Hydration Products,2014,1937450685
Hydration Products,2023,1567824718
Hydration Products,2019,463794920.5
Hydration Products,2016,1058884019
Hydration Products,2021,43760767.26
Hydration Products,2015,1998447798
Hydration Products,2018,1306147638
Hydration Products,2019,1873811445
Hydration Products,2024,1320979369
Hydration Products,2012,1694711591
Hydration Products,2022,1855854311
Hydration Products,2010,1658379169
Hydration Products,2022,205781489.7
Hydration Products,2016,719255645.5
Hydration Products,2018,1767990432
Hydration Products,2013,1772881615
Hydration Products,2014,1930614668
Hydration Products,2019,452081963.4
Hydration Products,2019,1221841991
Hydration Products,2014,819413426.1
Hydration Products,2015,862402423
Hydration Products,2012,1580380087
Hydration Products,2021,1853496565
Hydration Products,2019,1221358794
Hydration Products,2018,263216271.3
Hydration Products,2021,1363569120
Hydration Products,2015,1158947260
Hydration Products,2016,1877019343
Hydration Products,2018,1849444580
Hydration Products,2011,678518300.2
Hydration Products,2016,1169286363
Hydration Products,2013,160127057.1
Hydration Products,2015,258909414.4
Hydration Products,2016,1422172218
Hydration Products,2019,1127341011
Hydration Products,2024,1337246746
Hydration Products,2024,1584857588
Hydration Products,2015,493633062.9
Hydration Products,2016,948578140.5
Hydration Products,2024,1205240920
Hydration Products,2010,1167656864
Hydration Products,2018,1414565344
Hydration Products,2018,1221386490
Hydration Products,2018,1692879664
Hydration Products,2020,902263773.8
Hydration Products,2014,538899886.2
Hydration Products,2021,1688591937
Hydration Products,2020,1872814717
Hydration Products,2024,319479541.6
Hydration Products,2010,781420781.1
Hydration Products,2011,798295883
Hydration Products,2013,1671428480
Hydration Products,2011,1369360959
Hydration Products,2015,560662580.6
Hydration Products,2011,1922506334
Hydration Products,2021,1441668392
Hydration Products,2013,1528936733
Hydration Products,2011,1747559667
Hydration Products,2018,1997753421
Hydration Products,2010,62224918.52
Hydration Products,2022,1795282775
Hydration Products,2024,630793838.2
Hydration Products,2011,1092831275
Hydration Products,2012,1449220301
Hydration Products,2012,744857770.1
Hydration Products,2010,222907168.1
Hydration Products,2014,1545524632
Hydration Products,2017,931204683.4
Hydration Products,2018,1799749916
Hydration Products,2012,115176681.1
Hydration Products,2021,1941900447
Hydration Products,2024,1024444226
Hydration Products,2022,1818313011
Hydration Products,2014,1077494219
Hydration Products,2017,1310927357
Hydration Products,2022,770681496.9
Hydration Products,2022,524113319.1
Hydration Products,2012,1801208963
Hydration Products,2016,492089896.7
Hydration Products,2010,1147346759
Hydration Products,2021,490894810.4
Hydration Products,2019,1085082488
Hydration Products,2024,695426897.4
Hydration Products,2019,1699728845
Hydration Products,2012,1796695049
Hydration Products,2024,773079718.7
Hydration Products,2023,1237815154
Hydration Products,2016,709071973.9
Hydration Products,2020,1004734959
Hydration Products,2017,925129875.8
Hydration Products,2019,926475251.6
Hydration Products,2011,502996478.3
Hydration Products,2013,1752307974
Hydration Products,2014,607580380.5
Hydration Products,2014,1066607541
Hydration Products,2018,638462921.5
Hydration Products,2019,1614085315
Hydration Products,2013,1017168943
Hydration Products,2011,867367182.3
Hydration Products,2015,734706927
Hydration Products,2010,1027649871
Hydration Products,2020,746616428.6
Hydration Products,2017,161430330.5
Hydration Products,2017,1204451452
Hydration Products,2022,1744994215
Hydration Products,2015,1435468710
Hydration Products,2011,56969652.05
Hydration Products,2016,1688836478
Hydration Products,2024,181424839.1
Hydration Products,2015,962681723.1
Hydration Products,2013,80747967.88
Hydration Products,2021,1499627056
Hydration Products,2021,279726797.8
Hydration Products,2012,949212146.4
Hydration Products,2011,1450302918
Hydration Products,2013,1237111618
Hydration Products,2018,1872583462
Hydration Products,2010,1577858759
Hydration Products,2012,952273509.4
Hydration Products,2020,1295471545
Hydration Products,2010,1508799794
Hydration Products,2020,437506338.8
Hydration Products,2023,834651800.8
Hydration Products,2015,535260545.5
Hydration Products,2011,809606060.2
Hydration Products,2022,1169152733
Hydration Products,2019,1814801695
Hydration Products,2020,1656543769
Hydration Products,2013,43672877.22
Hydration Products,2010,1473471402
Hydration Products,2013,1502086518
Hydration Products,2023,465873947
Hydration Products,2017,80499635.38
Hydration Products,2010,1026721947
Hydration Products,2019,997635655.5
Hydration Products,2024,489548951.8
Hydration Products,2022,600401054.1
Hydration Products,2014,665039142.3
Hydration Products,2016,1696439936
Hydration Products,2011,1014393233
Hydration Products,2016,1645812152
Hydration Products,2014,590289416.4
Hydration Products,2010,869036137.2
Hydration Products,2014,692421686.7
Hydration Products,2019,131244613.2
Hydration Products,2011,443855957.1
Hydration Products,2013,78898214.07
Hydration Products,2016,1045671027
Hydration Products,2024,739836545.1
Hydration Products,2014,786151950.3
Hydration Products,2017,816326141.5
Hydration Products,2010,1982640595
Hydration Products,2024,1775408603
Hydration Products,2020,1016351467
Hydration Products,2016,1219675317
Hydration Products,2021,1682212078
Hydration Products,2020,749966388.9
Hydration Products,2012,1523041379
Hydration Products,2019,659464490.6
Hydration Products,2020,1379052607
Hydration Products,2017,1883831960
Hydration Products,2016,917201457.2
Hydration Products,2023,1375367824
Hydration Products,2023,720621800.1
Hydration Products,2019,267380319.4
Hydration Products,2014,1869339657
Hydration Products,2012,637885931.7
Hydration Products,2013,112362265.8
Hydration Products,2024,607226431.5
Hydration Products,2021,807198597.5
Hydration Products,2024,41630357.41
Hydration Products,2023,309099840.7
Hydration Products,2019,292544810.8
Hydration Products,2022,1293905610
Hydration Products,2020,409533148.5
Hydration Products,2014,653166149.6
Hydration Products,2024,1675884456
Hydration Products,2015,938316938.2
Hydration Products,2018,1143622460
Hydration Products,2017,1234647274
Hydration Products,2011,70248516.63
Hydration Products,2021,594848066
Hydration Products,2023,1810247296
Hydration Products,2018,1078730250
Hydration Products,2014,1497934039
Hydration Products,2014,1673823200
Hydration Products,2018,27391134.23
Hydration Products,2023,597077064.8
Hydration Products,2021,232081276.8
Hydration Products,2022,1484485026
Hydration Products,2017,739538815.7
Hydration Products,2022,1150419544
Hydration Products,2022,1803880663
Hydration Products,2020,256834543.5
Hydration Products,2022,1391401172
Hydration Products,2023,853496041.4
Hydration Products,2023,269325730.1
Hydration Products,2019,1492604997
Hydration Products,2018,1876995412
Hydration Products,2012,1448026868
Hydration Products,2021,710143710.5
Hydration Products,2015,1267805325
Hydration Products,2013,909899214.1
Hydration Products,2018,501016106.9
Hydration Products,2010,1624339707
Hydration Products,2015,291230965.3
Hydration Products,2017,655901294.2
Hydration Products,2013,1398477993
Hydration Products,2022,41045385.93
Hydration Products,2016,1205717605
Hydration Products,2012,24964445.62
Hydration Products,2018,1520266351
Hydration Products,2022,1991002095
Hydration Products,2012,738591118.6
Hydration Products,2011,743532421
Hydration Products,2010,660316239
Hydration Products,2015,1598346576
Hydration Products,2018,26561136.56
Hydration Products,2018,1976540281
Hydration Products,2011,1824206152
Hydration Products,2021,269860846.3
Hydration Products,2015,224889499
Hydration Products,2012,1253152684
Hydration Products,2016,1546937718
Hydration Products,2017,1758132090
Hydration Products,2020,1862056800
Hydration Products,2018,1858541429
Hydration Products,2010,1343759217
Hydration Products,2018,1288650256
Hydration Products,2016,221653734.7
Hydration Products,2023,1983445705
Hydration Products,2011,1309317124
Hydration Products,2012,306759720
Hydration Products,2010,382674718.7
Hydration Products,2010,425363506.7
Hydration Products,2012,1294118836
Hydration Products,2017,1476861451
Hydration Products,2020,1716899995
Hydration Products,2023,37106465.79
Hydration Products,2022,748149922.8
Hydration Products,2020,432415172
Hydration Products,2024,1767837982
Hydration Products,2012,212546276
Hydration Products,2024,884598926.3
Hydration Products,2012,605246098.5
Hydration Products,2011,1929487410
Hydration Products,2014,1066293489
Hydration Products,2014,1310817193
Hydration Products,2021,1588136750
Hydration Products,2021,1654663180
Hydration Products,2020,1915971400
Hydration Products,2022,1648785718
Hydration Products,2011,1807547084
Hydration Products,2014,231786099
Hydration Products,2012,676408887.4
Hydration Products,2014,1685898452
Hydration Products,2024,360675792.5
Hydration Products,2019,456293343.5
Hydration Products,2024,1580039898
Hydration Products,2023,1727063896
Hydration Products,2014,440647871.8
Hydration Products,2011,1626295565
Hydration Products,2013,755590982.6
Hydration Products,2020,672018737.8
Hydration Products,2021,994749609.6
Hydration Products,2012,1871337638
Hydration Products,2023,744654419.5
Hydration Products,2012,1306193326
Hydration Products,2015,1082690105
Hydration Products,2022,1235492555
Hydration Products,2014,96994967.75
Hydration Products,2018,1091069083
Hydration Products,2022,1196306865
Hydration Products,2014,1920558505
Hydration Products,2019,1905896693
Hydration Products,2019,1087380477
Hydration Products,2018,1742292934
Hydration Products,2011,1971749816
Hydration Products,2018,889113452.2
Hydration Products,2022,1229619999
Hydration Products,2023,198584228
Hydration Products,2021,1836218088
Hydration Products,2020,1655250378
Hydration Products,2020,981927644.1
Hydration Products,2019,1696174415
Hydration Products,2013,906425335
Hydration Products,2010,1495519783
Hydration Products,2024,1305096168
Laser Masks,2017,948428830.2
Laser Masks,2023,1450341493
Laser Masks,2021,556856208.7
Laser Masks,2015,505896826.4
Laser Masks,2018,273658844.6
Laser Masks,2018,492638494
Laser Masks,2012,174508208.1
Laser Masks,2019,11977474.39
Laser Masks,2015,1342596283
Laser Masks,2016,1269458901
Laser Masks,2022,1496161100
Laser Masks,2017,1242637148
Laser Masks,2011,744531587
Laser Masks,2013,1280940883
Laser Masks,2018,28350369.82
Laser Masks,2017,1606763106
Laser Masks,2023,1735734907
Laser Masks,2016,1552417095
Laser Masks,2020,1473980550
Laser Masks,2021,1839986892
Laser Masks,2014,487933290.4
Laser Masks,2022,822565479.3
Laser Masks,2014,1944871481
Laser Masks,2017,1794989650
Laser Masks,2014,125125706.8
Laser Masks,2021,1903661871
Laser Masks,2022,1430517659
Laser Masks,2010,982437309.5
Laser Masks,2013,1195290504
Laser Masks,2013,480961551.1
Laser Masks,2020,1058438834
Laser Masks,2016,771171746
Laser Masks,2013,1120138693
Laser Masks,2022,1267592314
Laser Masks,2024,1411144038
Laser Masks,2017,197209640.8
Laser Masks,2014,1166306176
Laser Masks,2023,708385003.5
Laser Masks,2011,99599901.58
Laser Masks,2023,1814424777
Laser Masks,2017,1684984366
Laser Masks,2012,611789838.6
Laser Masks,2018,1980865623
Laser Masks,2023,1355545863
Laser Masks,2016,1673653375
Laser Masks,2024,244954693.8
Laser Masks,2016,467519805.5
Laser Masks,2022,1460690371
Laser Masks,2017,1308710629
Laser Masks,2017,220363003.9
Laser Masks,2024,817233254.8
Laser Masks,2021,774934826.2
Laser Masks,2024,1269650170
Laser Masks,2018,236105785.5
Laser Masks,2015,827249914.3
Laser Masks,2024,1726066190
Laser Masks,2024,41847865
Laser Masks,2017,1098019314
Laser Masks,2016,317063848.7
Laser Masks,2016,1811669293
Laser Masks,2015,683512636.5
Laser Masks,2020,1367797281
Laser Masks,2022,889573803.3
Laser Masks,2010,1625337079
Laser Masks,2024,1730509980
Laser Masks,2014,1839461648
Laser Masks,2012,79611425.27
Laser Masks,2018,871823947.2
Laser Masks,2015,78852982.76
Laser Masks,2016,1733451782
Laser Masks,2024,349684165.6
Laser Masks,2017,927914727.7
Laser Masks,2014,1874137751
Laser Masks,2014,1900994146
Laser Masks,2017,471963096.4
Laser Masks,2017,1905861616
Laser Masks,2022,445769609.1
Laser Masks,2015,356596253.6
Laser Masks,2018,1783129991
Laser Masks,2018,1633117610
Laser Masks,2019,384443765.1
Laser Masks,2019,133737949.6
Laser Masks,2018,425241435.8
Laser Masks,2018,99853784.44
Laser Masks,2018,848135949.9
Laser Masks,2023,65378287.74
Laser Masks,2014,17646064.45
Laser Masks,2023,1619585987
Laser Masks,2022,1270416287
Laser Masks,2024,1547574109
Laser Masks,2018,825529417.7
Laser Masks,2013,269043277.3
Laser Masks,2020,726500532.9
Laser Masks,2017,1903572588
Laser Masks,2014,1131305123
Laser Masks,2018,1720767996
Laser Masks,2018,506782189
Laser Masks,2023,245409256.2
Laser Masks,2013,1685838462
Laser Masks,2018,328094282.5
Laser Masks,2012,1698720141
Laser Masks,2023,1366949055
Laser Masks,2021,116900491.6
Laser Masks,2019,1558041298
Laser Masks,2018,1090973323
Laser Masks,2017,849262908.1
Laser Masks,2016,999655520.4
Laser Masks,2016,1902421371
Laser Masks,2014,1307619558
Laser Masks,2024,255040883.6
Laser Masks,2012,66239211.53
Laser Masks,2018,512004073.8
Laser Masks,2019,1132510765
Laser Masks,2018,464617087.3
Laser Masks,2011,314027455.7
Laser Masks,2023,236283544.8
Laser Masks,2014,1444840113
Laser Masks,2011,1899885457
Laser Masks,2010,1560852312
Laser Masks,2014,262007316
Laser Masks,2018,660201983.9
Laser Masks,2013,107396404.5
Laser Masks,2024,1692774829
Laser Masks,2017,1278393369
Laser Masks,2014,689703365.3
Laser Masks,2010,70755810.7
Laser Masks,2012,1224567302
Laser Masks,2012,267943920.9
Laser Masks,2015,800033397.1
Laser Masks,2010,1244842174
Laser Masks,2015,446812890.2
Laser Masks,2013,1624125726
Laser Masks,2013,1325908310
Laser Masks,2014,1219551464
Laser Masks,2015,1390259659
Laser Masks,2021,900461622
Laser Masks,2014,234435101.6
Laser Masks,2015,1916888318
Laser Masks,2017,561090347.5
Laser Masks,2013,371735344.9
Laser Masks,2022,1372792388
Laser Masks,2016,1799934953
Laser Masks,2022,1417831769
Laser Masks,2024,704965269.1
Laser Masks,2023,1763615959
Laser Masks,2020,887073719.2
Laser Masks,2013,1628171079
Laser Masks,2020,247665782.7
Laser Masks,2022,1197474522
Laser Masks,2014,1914292999
Laser Masks,2016,677451119.7
Laser Masks,2015,1322930390
Laser Masks,2017,263914743.4
Laser Masks,2023,838276128.2
Laser Masks,2020,1421488915
Laser Masks,2015,242466451.3
Laser Masks,2013,1279724518
Laser Masks,2014,1686872770
Laser Masks,2023,179256284.6
Laser Masks,2011,840216646.4
Laser Masks,2016,1671672458
Laser Masks,2016,906512916.8
Laser Masks,2013,1805263790
Laser Masks,2011,1979115882
Laser Masks,2020,966778261.6
Laser Masks,2014,1172222813
Laser Masks,2015,42607108.1
Laser Masks,2020,115043709.4
Laser Masks,2019,349408494.2
Laser Masks,2010,1781637696
Laser Masks,2012,1355272223
Laser Masks,2023,923267849.4
Laser Masks,2016,1372414110
Laser Masks,2019,1007701559
Laser Masks,2010,418388585.4
Laser Masks,2022,1609853712
Laser Masks,2017,1823673504
Laser Masks,2015,630204728.8
Laser Masks,2010,171658639.8
Laser Masks,2021,20972958.56
Laser Masks,2020,1032620116
Laser Masks,2019,532223462.5
Laser Masks,2020,1710927745
Laser Masks,2022,510118817.4
Laser Masks,2019,1419729708
Laser Masks,2015,1258851462
Laser Masks,2014,903896924.6
Laser Masks,2019,1323127242
Laser Masks,2018,1183147243
Laser Masks,2024,469001732.2
Laser Masks,2014,111926717.9
Laser Masks,2011,1803828902
Laser Masks,2012,1988975036
Laser Masks,2017,442024996.5
Laser Masks,2012,461116515.6
Laser Masks,2011,107269830.7
Laser Masks,2020,1947236551
Laser Masks,2021,1907813994
Laser Masks,2015,933324175.4
Laser Masks,2021,1078887862
Laser Masks,2024,1593756200
Laser Masks,2012,1332672039
Laser Masks,2016,60365561.4
Laser Masks,2014,49489938.46
Laser Masks,2022,1216829663
Laser Masks,2024,1702444998
Laser Masks,2014,1619086959
Laser Masks,2020,1733642206
Laser Masks,2014,613143388.1
Laser Masks,2013,540448611.2
Laser Masks,2021,1408747065
Laser Masks,2017,1411087062
Laser Masks,2013,1072469096
Laser Masks,2024,1048585280
Laser Masks,2024,1647356962
Laser Masks,2014,1284118101
Laser Masks,2010,1619393523
Laser Masks,2019,1523894214
Laser Masks,2022,1735959559
Laser Masks,2018,911716710.7
Laser Masks,2023,188791517.7
Laser Masks,2020,1674289805
Laser Masks,2012,434581223.1
Laser Masks,2010,243730285.6
Laser Masks,2023,987145182.1
Laser Masks,2012,1263763341
Laser Masks,2014,897979089.2
Laser Masks,2021,1107422682
Laser Masks,2013,909800135
Laser Masks,2015,1307683377
Laser Masks,2019,923170638.8
Laser Masks,2012,75340112.41
Laser Masks,2024,697274348.6
Laser Masks,2012,1299954467
Laser Masks,2024,301019526.3
Laser Masks,2021,1001883895
Laser Masks,2023,464928351
Laser Masks,2019,1091045334
Laser Masks,2019,1811692298
Laser Masks,2020,399972508.2
Laser Masks,2018,33585238.55
Laser Masks,2011,229006955.9
Laser Masks,2019,1278995358
Laser Masks,2011,483052495.3
Laser Masks,2013,672024554.3
Laser Masks,2024,1438384942
Laser Masks,2019,739280903.9
Laser Masks,2012,788589861.2
Laser Masks,2015,1840485843
Laser Masks,2018,1605982515
Laser Masks,2012,1016864990
Laser Masks,2022,639242101.7
Laser Masks,2012,1885623060
Laser Masks,2014,1474684708
Laser Masks,2021,838069989.9
Laser Masks,2016,1540064298
Laser Masks,2013,392173055.1
Laser Masks,2022,465625386.9
Laser Masks,2014,1133332902
Laser Masks,2022,1522813017
Laser Masks,2024,549235874.2
Laser Masks,2011,1101439784
Laser Masks,2017,804259018.3
Laser Masks,2019,892110717
Laser Masks,2020,845517641
Laser Masks,2018,104444195.6
Laser Masks,2019,1015528674
Laser Masks,2023,558001324.6
Laser Masks,2023,243021442.1
Laser Masks,2017,648555120.6
Laser Masks,2024,1625993063
Laser Masks,2016,1018729015
Laser Masks,2021,16312967.18
Laser Masks,2012,521637847.6
Laser Masks,2018,1395146821
Laser Masks,2019,1591673424
Laser Masks,2022,1413585677
Laser Masks,2024,1180188937
Laser Masks,2019,1632599660
Laser Masks,2020,672551344.4
Laser Masks,2017,486770150.9
Laser Masks,2023,1291223511
Laser Masks,2015,1726453268
Laser Masks,2010,1846177705
Laser Masks,2011,1285983686
Laser Masks,2015,390985302.1
Laser Masks,2014,481955581.6
Laser Masks,2022,1325957727
Laser Masks,2013,697367408.3
Laser Masks,2015,308562305.9
Laser Masks,2021,1453234194
Laser Masks,2013,629591489.8
Laser Masks,2012,1751952295
Laser Masks,2022,1222248611
Laser Masks,2014,147279236.8
Laser Masks,2011,400050089
Laser Masks,2023,1557259403
Laser Masks,2012,125664950.2
Laser Masks,2024,775882463.9
Laser Masks,2022,1834229315
Laser Masks,2015,148519975.6
Laser Masks,2019,1785720013
Laser Masks,2017,114429323.2
Laser Masks,2013,597604057.6
Laser Masks,2021,1627701111
Laser Masks,2024,808156637.3
Laser Masks,2016,1313511487
Laser Masks,2016,1545071024
Laser Masks,2019,1609997613
Laser Masks,2020,971632038.7
Laser Masks,2010,1057576204
Laser Masks,2012,1271856482
Laser Masks,2019,1189990725
Laser Masks,2024,238051915.6
Laser Masks,2015,762776537.3
Laser Masks,2014,1679490697
Laser Masks,2011,548381342.3
Laser Masks,2010,1890780304
Laser Masks,2013,1325216666
Laser Masks,2010,709726779.2
Laser Masks,2019,39427993.38
Laser Masks,2012,382963533
Laser Masks,2015,1314620792
Laser Masks,2010,491654537.7
Laser Masks,2022,1644882184
Laser Masks,2010,526727860.1
Laser Masks,2011,530833340.2
Laser Masks,2013,647010103.8
Laser Masks,2017,1419515199
Laser Masks,2017,1816350531
Laser Masks,2018,387749028.8
Laser Masks,2020,710310314.2
Laser Masks,2023,177972847.3
Laser Masks,2013,1778918719
Laser Masks,2016,496360002.8
Laser Masks,2022,572178497.4
Laser Masks,2018,1562735635
Laser Masks,2021,1896594211
Laser Masks,2014,1196832198
Laser Masks,2020,1028896035
Laser Masks,2010,752170212.3
Laser Masks,2021,279077656
Laser Masks,2022,1806778554
Laser Masks,2015,540718952.2
Laser Masks,2016,977113977
Laser Masks,2011,1793701537
Laser Masks,2012,1479363764
Laser Masks,2023,442571572.9
Laser Masks,2012,1435503537
Laser Masks,2013,546868241.8
Laser Masks,2013,1574567763
Laser Masks,2021,1985943870
Laser Masks,2012,1478704539
Laser Masks,2012,1296312931
Laser Masks,2017,1252794763
Laser Masks,2010,165531046.1
Laser Masks,2016,1161435313
Laser Masks,2017,708715070.4
Laser Masks,2023,1769357931
Laser Masks,2024,1703384173
Laser Masks,2011,1007871249
Laser Masks,2024,875452176.5
Laser Masks,2017,969886679
Laser Masks,2021,984201370.7
Laser Masks,2024,285217870.1
Laser Masks,2013,1636584294
Laser Masks,2015,1447446390
Laser Masks,2018,1498713542
Laser Masks,2017,1487976843
Laser Masks,2017,516859051.6
Laser Masks,2014,1002301501
Laser Masks,2017,478091912.7
Laser Masks,2024,602205122.9
Laser Masks,2021,1299531818
Laser Masks,2022,448321395.6
Laser Masks,2010,383829148
Laser Masks,2014,1230606420
Laser Masks,2019,897895998.2
Laser Masks,2016,1269759957
Laser Masks,2020,709706042.3
Laser Masks,2023,499890481.2
Laser Masks,2015,1392658653
Laser Masks,2016,765371873.3
Serums,2014,999115200.4
Serums,2016,918580804.2
Serums,2013,470344389.4
Serums,2017,822648366.6
Serums,2021,459208736.8
Serums,2014,1088199426
Serums,2022,1256974406
Serums,2014,165547534
Serums,2024,495233947.1
Serums,2024,432887341.5
Serums,2014,1186782928
Serums,2024,1437546883
Serums,2010,483196035.4
Serums,2017,11383629.78
Serums,2018,73691585.86
Serums,2015,1113098216
Serums,2024,1801417730
Serums,2016,1586357126
Serums,2022,105781179.2
Serums,2017,1367667156
Serums,2017,1650367462
Serums,2023,1124829730
Serums,2014,257100266.6
Serums,2010,1654370973
Serums,2011,1465534598
Serums,2023,1496464600
Serums,2013,848431436.7
Serums,2022,843157648.4
Serums,2014,755607857.6
Serums,2012,415274577.2
Serums,2023,1411000445
Serums,2012,1833243939
Serums,2016,1226039618
Serums,2017,1002832742
Serums,2010,103203425.3
Serums,2019,716026322.6
Serums,2016,1133121129
Serums,2016,715361680
Serums,2019,1441485416
Serums,2016,293457495.3
Serums,2016,1515673724
Serums,2021,1845473299
Serums,2018,1023008182
Serums,2021,117692808.7
Serums,2010,134688414.6
Serums,2010,1901612940
Serums,2010,165933172.4
Serums,2019,1617680489
Serums,2012,1611728654
Serums,2022,1121305188
Serums,2010,1581408158
Serums,2023,209986241.2
Serums,2023,1678652881
Serums,2017,1833624156
Serums,2022,1381318079
Serums,2017,1144484508
Serums,2018,1528957170
Serums,2012,1845922299
Serums,2014,967268619.7
Serums,2020,1564105136
Serums,2019,1473459887
Serums,2010,291565346
Serums,2024,1320285079
Serums,2010,1058606966
Serums,2017,1114286927
Serums,2022,66010333.03
Serums,2019,179597369.2
Serums,2012,457051652.9
Serums,2017,693883211.5
Serums,2024,1859247464
Serums,2013,779477638.3
Serums,2013,83340730.4
Serums,2014,297170655.4
Serums,2016,871445456.8
Serums,2017,1239581598
Serums,2017,1484990862
Serums,2021,1172756391
Serums,2013,1204306737
Serums,2015,320402221.4
Serums,2023,1728728179
Serums,2015,1854202558
Serums,2019,988545299.8
Serums,2013,1279757974
Serums,2014,1703407761
Serums,2010,116856330.3
Serums,2020,1058433748
Serums,2018,648892775.5
Serums,2010,569100668.5
Serums,2020,38797394.77
Serums,2021,1421705624
Serums,2019,1458344299
Serums,2019,744174861.4
Serums,2021,864307590.9
Serums,2019,836994223.8
Serums,2011,1831301714
Serums,2014,1891036633
Serums,2018,516687176.9
Serums,2024,518585903.1
Serums,2020,1759604893
Serums,2011,1595851748
Serums,2011,1239131096
Serums,2021,1511481814
Serums,2014,1699008485
Serums,2023,1561154590
Serums,2016,1184312691
Serums,2012,1957511623
Serums,2021,103831048.6
Serums,2021,1568148397
Serums,2023,1430260912
Serums,2010,1068922461
Serums,2017,223121242.5
Serums,2010,1020927170
Serums,2020,1012440307
Serums,2015,1919340879
Serums,2011,1924096015
Serums,2019,302025730.8
Serums,2016,1476711849
Serums,2010,196337226.4
Serums,2019,1388638900
Serums,2018,411880968.5
Serums,2011,980721096.2
Serums,2016,160346111.5
Serums,2019,532975591.1
Serums,2019,237522991
Serums,2013,246121554.4
Serums,2022,1017162558
Serums,2017,1728507362
Serums,2017,17793049.08
Serums,2013,1951385237
Serums,2015,985251273.1
Serums,2011,1162314230
Serums,2023,1649808461
Serums,2024,1573679331
Serums,2019,1308765302
Serums,2010,1267987034
Serums,2012,1536397949
Serums,2010,86184443.68
Serums,2017,8742922.45
Serums,2018,201914612.9
Serums,2013,1824929254
Serums,2022,80443294.58
Serums,2018,634837486.2
Serums,2024,1638693215
Serums,2016,1518239511
Serums,2012,1152478577
Serums,2014,316184615.2
Serums,2016,335987585.6
Serums,2023,492126368.7
Serums,2022,1767214034
Serums,2013,1954267893
Serums,2018,484709324.6
Serums,2014,970618236.8
Serums,2014,977921444.7
Serums,2022,9469962.02
Serums,2017,345082526.3
Serums,2018,226323515.6
Serums,2020,62050262.86
Serums,2023,533262575.3
Serums,2021,1227089552
Serums,2010,1026344642
Serums,2023,1814857041
Serums,2022,222542339.2
Serums,2022,1200103863
Serums,2016,1599129316
Serums,2017,495926507.9
Serums,2015,1747418069
Serums,2022,225346310.4
Serums,2016,1175289850
Serums,2021,1467264558
Serums,2019,915773827.3
Serums,2014,598078619.5
Serums,2024,1567430878
Serums,2013,1712135746
Serums,2012,1948851329
Serums,2017,224850771.7
Serums,2017,917578384.5
Serums,2020,952624741
Serums,2016,1139084942
Serums,2021,1136913447
Serums,2010,1620689451
Serums,2021,913124562.2
Serums,2020,1444842007
Serums,2017,289900237.1
Serums,2014,1727667804
Serums,2017,318143478.1
Serums,2019,811719730.7
Serums,2021,702264912.5
Serums,2011,882795389.7
Serums,2018,1677399589
Serums,2021,1624695101
Serums,2018,699082446.4
Serums,2013,1332202222
Serums,2014,1452132858
Serums,2021,1903395753
Serums,2011,519224371.9
Serums,2021,581027481.9
Serums,2016,436282667.5
Serums,2021,687814524.5
Serums,2021,1614344045
Serums,2018,100480033.9
Serums,2021,783134063.9
Serums,2023,508312986.4
Serums,2010,201422278.4
Serums,2021,807409837.6
Serums,2022,1328365467
Serums,2020,733929403.2
Serums,2017,1977601013
Serums,2013,1265995149
Serums,2019,1518294698
Serums,2022,1458272517
Serums,2019,1614549695
Serums,2019,171454626.2
Serums,2013,1190657965
Serums,2019,330535372.9
Serums,2012,265703950.3
Serums,2010,1310767681
Serums,2024,1061737334
Serums,2024,1755651117
Serums,2020,134189912.1
Serums,2017,1448955078
Serums,2013,1432851068
Serums,2014,870201291.6
Serums,2023,913935311.9
Serums,2018,962386709.4
Serums,2024,1456049689
Serums,2021,1469737220
Serums,2013,863190201
Serums,2020,776495267.7
Serums,2020,1613757286
Serums,2020,1040719234
Serums,2018,412270026.9
Serums,2015,1632220704
Serums,2024,1547543627
Serums,2024,928911585.8
Serums,2013,1607480419
Serums,2018,375240424.9
Serums,2017,1027107703
Serums,2018,1828233313
Serums,2015,1073144787
Serums,2018,45492350.48
Serums,2018,1020119231
Serums,2024,1949771353
Serums,2012,625844545.1
Serums,2019,1978284503
Serums,2012,559766561
Serums,2023,1145741660
Serums,2015,729886117.3
Serums,2018,1564802890
Serums,2018,1895025056
Serums,2022,1555603915
Serums,2018,1804074050
Serums,2020,577407226.6
Serums,2024,932235758.7
Serums,2022,1736469261
Serums,2018,809502524.9
Serums,2011,736315950.6
Serums,2022,415752540.5
Serums,2022,1146665466
Serums,2019,899660102.1
Serums,2019,555529092.9
Serums,2021,545054304.6
Serums,2024,1836389425
Serums,2019,1238982146
Serums,2016,1496332708
Serums,2020,258026056.4
Serums,2021,471511516.5
Serums,2019,329121983.2
Serums,2010,65926571.52
Serums,2022,670924597.1
Serums,2011,204261370.6
Serums,2015,1271820944
Serums,2023,591509908
Serums,2017,151938534.6
Serums,2013,249881488.8
Serums,2023,1937470130
Serums,2012,24202843.88
Serums,2017,9163934.26
Serums,2018,214173906.9
Serums,2013,876488694.8
Serums,2022,1535197386
Serums,2017,356928446.4
Serums,2021,492757497.9
Serums,2017,515186855.9
Serums,2012,13571514.88
Serums,2010,184444402.6
Serums,2010,493456262.2
Serums,2023,605756144.5
Serums,2024,1468075396
Serums,2022,1983520890
Serums,2011,676603714.9
Serums,2016,439297311.8
Serums,2014,336641205.4
Serums,2013,758950369.8
Serums,2013,1144251542
Serums,2017,979902753.9
Serums,2016,1079040019
Serums,2013,330799283.5
Serums,2023,105215790.4
Serums,2021,1414148143
Serums,2016,1539807088
Serums,2023,530322736.5
Serums,2018,301254219.7
Serums,2013,1602663483
Serums,2022,1695840194
Serums,2024,1159762306
Serums,2011,349551092
Serums,2010,1239609807
Serums,2012,194327756.1
Serums,2023,37026670.42
Serums,2017,870696377.5
Serums,2019,1366985234
Serums,2016,1878288719
Serums,2019,1784888179
Serums,2020,1116145688
Serums,2011,150798039
Serums,2013,288672618.7
Serums,2021,307718961.2
Serums,2024,286219921.7
Serums,2021,258640075.4
Serums,2018,512879473
Serums,2020,750466627.6
Serums,2010,1069920155
Serums,2012,1470034459
Serums,2014,1696190343
Serums,2011,885000158.3
Serums,2015,805980130
Serums,2014,928249888
Serums,2021,1702234190
Serums,2017,717160672.6
Serums,2023,1597082247
Serums,2017,1542809767
Serums,2019,1884353377
Serums,2018,654797075.8
Serums,2022,1642247020
Serums,2019,1592202775
Serums,2022,370569693.7
Serums,2012,516540745.5
Serums,2016,628311137.3
Serums,2018,547449158.1
Serums,2020,1868018970
Serums,2020,995712650.8
Serums,2022,101353369.4
Serums,2020,1326625794
Serums,2020,1221294476
Serums,2015,1657532567
Serums,2019,1106482609
Serums,2010,368753764.7
Serums,2014,966557039.8
Serums,2010,1270870752
Serums,2022,1491333594
Serums,2024,364356612.8
Serums,2016,1720387770
Serums,2023,945447330.3
Serums,2012,480031959
Serums,2012,380331695.4
Serums,2020,1659636511
Serums,2014,1330909417
Serums,2014,902546371.4
Serums,2023,649901635.8
Serums,2014,236734236.4
Serums,2021,1958225351
Serums,2017,1447782384
Serums,2018,1964586216
Serums,2013,1900920583
Serums,2019,338791050.4
Serums,2017,405296246.1
Serums,2020,1115129695
Serums,2015,1051059012
Serums,2011,1128523581
Serums,2018,119555951.3
Serums,2019,884317719.8
Serums,2017,427494725.8
Serums,2020,1600351472
Serums,2023,1752330702
Serums,2022,1920173428
Serums,2010,1889217977
Serums,2020,949420953.8
Serums,2016,544304570.5
Serums,2017,1382623825
Serums,2013,617288992.3
Serums,2024,1888594339
Serums,2012,641030615.1
Serums,2014,14821639.42
Serums,2011,771340170.4
Serums,2023,190574904.5
Serums,2011,1740035168
Serums,2023,628974641
Serums,2021,370424898.7
Serums,2023,1481272398
Serums,2021,1950685910
Serums,2021,1266530296
Serums,2012,1223508344
Serums,2017,178701444.9
Serums,2014,127790946
Serums,2012,1674999327
Serums,2011,1619734206
Serums,2023,306229095.1
Serums,2012,412393550.6
Serums,2010,1826459694
Serums,2011,505534021.2
Serums,2018,1238091196
Serums,2015,1942801082
Serums,2013,1831721979
Serums,2016,1163006357
Serums,2016,359325379.9
Serums,2023,849788189.2
Serums,2011,1720242999
